,0,1,2
0,0.0,3.000000000000001,0.0
1,0.01001001001001001,2.999508517667052,-0.09819815742674687
2,0.02002002002002002,2.998034071884612,-0.19639611069418605
3,0.03003003003003003,2.9955766707704337,-0.29459367274768833
4,0.04004004004004004,2.9921363215361874,-0.3927906318056846
5,0.05005005005005005,2.9877130293714154,-0.49098677060315005
6,0.06006006006006006,2.9823067994656594,-0.5891818718750598
7,0.07007007007007007,2.9759176370084597,-0.6873757183563891
8,0.08008008008008008,2.9685455490495967,-0.7855680945837814
9,0.09009009009009009,2.9601905677262246,-0.8837588093913902
10,0.1001001001001001,2.9508527153996886,-0.9819476621453461
11,0.11011011011011011,2.9405320079924575,-1.0801344459756284
12,0.12012012012012012,2.9292284614269986,-1.1783189540122163
13,0.13013013013013014,2.91694209162578,-1.2765009793850899
14,0.14014014014014015,2.9036729181821372,-1.374680315257161
15,0.15015015015015015,2.8894209893090683,-1.4728567550481013
16,0.16016016016016016,2.8741863383097574,-1.5710300920438207
17,0.17017017017017017,2.857968993259681,-1.6692001194833284
18,0.18018018018018017,2.8407689822343136,-1.767366630605634
19,0.19019019019019018,2.822586333309132,-1.8655294186497464
20,0.2002002002002002,2.803421150771959,-1.9636882779142255
21,0.21021021021021022,2.7832733154032723,-2.0618429995902963
22,0.22022022022022023,2.762143000899176,-2.1599933789414743
23,0.23023023023023023,2.740030239570239,-2.258139209265647
24,0.24024024024024024,2.716935065795901,-2.356280283889465
25,0.2502502502502503,2.6928575160244717,-2.4544163961683436
26,0.2602602602602603,2.6677976410689648,-2.5525473398907588
27,0.2702702702702703,2.6417555268164254,-2.650672909959202
28,0.2802802802802803,2.614731226680365,-2.7487929001691294
29,0.2902902902902903,2.5867247930878587,-2.8469071042442997
30,0.3003003003003003,2.557736280830754,-2.945015315946962
31,0.3103103103103103,2.5277657470656707,-3.043117329077858
32,0.3203203203203203,2.496813251313999,-3.1412129374762223
33,0.3303303303303303,2.464878855461902,-3.239301935019782
34,0.34034034034034033,2.4319626237603136,-3.3373841156247557
35,0.35035035035035034,2.3980646228249407,-3.435459273245854
36,0.36036036036036034,2.36318492163626,-3.53352720187628
37,0.37037037037037035,2.327323591539522,-3.63158769554773
38,0.38038038038038036,2.2904807062447485,-3.729640548330392
39,0.39039039039039036,2.2526563418267314,-3.8276855543329456
40,0.4004004004004004,2.2138505767250356,-3.925722507702564
41,0.41041041041041043,2.1740634917439983,-4.0237512026249105
42,0.42042042042042044,2.1332951700527274,-4.1217714333241435
43,0.43043043043043044,2.091545697185103,-4.219782994062911
44,0.44044044044044045,2.048815161039777,-4.317785679142355
45,0.45045045045045046,2.005103651880172,-4.415779282902109
46,0.46046046046046046,1.9604112623344845,-4.513763599720299
47,0.47047047047047047,1.9147380873956805,-4.611738424013544
48,0.4804804804804805,1.868084224421499,-4.709703550236954
49,0.4904904904904905,1.8204497731344502,-4.807658772884132
50,0.5005005005005005,1.7718348301710165,-4.905603888199451
51,0.5105105105105106,1.7222394863898447,-5.003538695023638
52,0.5205205205205206,1.671663845799526,-5.101462988847933
53,0.5305305305305306,1.6201080151399372,-5.1993765650869355
54,0.5405405405405406,1.5675721034223606,-5.297279219223062
55,0.5505505505505506,1.514056221929485,-5.395170746806556
56,0.5605605605605606,1.4595604842154064,-5.4930509434554775
57,0.5705705705705706,1.4040850061056258,-5.59091960485571
58,0.5805805805805806,1.347629905697051,-5.688776526760959
59,0.5905905905905906,1.2901953033579956,-5.786621504992751
60,0.6006006006006006,1.2317813217281801,-5.8844543354404335
61,0.6106106106106106,1.1723880857187312,-5.982274814061176
62,0.6206206206206206,1.1120157225121812,-6.0800827368799695
63,0.6306306306306306,1.050664361562469,-6.177877899989626
64,0.6406406406406406,0.9883341345949399,-6.275660099550781
65,0.6506506506506506,0.9250251756063457,-6.373429131791887
66,0.6606606606606606,0.8607376208648434,-6.471184793009223
67,0.6706706706706707,0.7954716089099976,-6.5689268795668845
68,0.6806806806806807,0.729227280552778,-6.666655187896795
69,0.6906906906906907,0.6620047788755612,-6.764369514498692
70,0.7007007007007007,0.5938042492321297,-6.86206965594014
71,0.7107107107107107,0.5246258392476726,-6.959755408856523
72,0.7207207207207207,0.4544696988187851,-7.057426569951047
73,0.7307307307307307,0.3833359801134684,-7.155082935994737
74,0.7407407407407407,0.3112248285318626,-7.252724304970123
75,0.7507507507507507,0.23813637389509884,-7.350350477186049
76,0.7607607607607607,0.16407074848908332,-7.447961252994794
77,0.7707707707707707,0.08902810142905326,-7.545556431114874
78,0.7807807807807807,0.01300860132409519,-7.643135808312635
79,0.7907907907907908,-0.06398758622009418,-7.740699182096007
80,0.8008008008008008,-0.14196030019425707,-7.838246350887719
81,0.8108108108108109,-0.22090938036528202,-7.935777113574051
82,0.8208208208208209,-0.30083466148649307,-8.033291268821436
83,0.8308308308308309,-0.3817359763153141,-8.130788615442606
84,0.8408408408408409,-0.4636131555950608,-8.228268952388035
85,0.8508508508508509,-0.5464660280500764,-8.325732078744625
86,0.8608608608608609,-0.6302944204006476,-8.423177793751721
87,0.8708708708708709,-0.7150981573541748,-8.520605896788929
88,0.8808808808808809,-0.800877061610593,-8.618016187382207
89,0.8908908908908909,-0.8876309538831169,-8.715408465227384
90,0.9009009009009009,-0.9753596528632211,-8.812782530150983
91,0.9109109109109109,-1.0640629752310637,-8.910138182121873
92,0.9209209209209209,-1.1537407356578038,-9.007475221253872
93,0.9309309309309309,-1.2443927468056009,-9.104793447805736
94,0.9409409409409409,-1.3360188193648288,-9.202092662221693
95,0.950950950950951,-1.428618762072035,-9.299372665150988
96,0.960960960960961,-1.522192381619984,-9.396633257349936
97,0.970970970970971,-1.6167394826995938,-9.493874239727587
98,0.980980980980981,-1.7122598680007952,-9.591095413346654
99,0.990990990990991,-1.8087533382134504,-9.688296579424456
100,1.001001001001001,-1.9062196920998271,-9.785477539406548
101,1.011011011011011,-2.0046587264363382,-9.882638094907524
102,1.021021021021021,-2.1040702359757644,-9.97977804767264
103,1.031031031031031,-2.2044540134789767,-10.07689719961005
104,1.0410410410410411,-2.305809849714939,-10.173995352790792
105,1.0510510510510511,-2.4081375334702013,-10.271072309457836
106,1.0610610610610611,-2.5114368516330234,-10.368127872106108
107,1.0710710710710711,-2.6157075890766617,-10.46516184337146
108,1.0810810810810811,-2.7209495286757046,-10.562174026046197
109,1.0910910910910911,-2.8271624513224283,-10.659164223094654
110,1.1011011011011012,-2.934346135926796,-10.756132237653185
111,1.1111111111111112,-3.0425003593980864,-10.85307787301376
112,1.1211211211211212,-3.15162489692802,-10.950000932876762
113,1.1311311311311312,-3.261719521455036,-11.046901220872654
114,1.1411411411411412,-3.3727840040511325,-11.143778540907386
115,1.1511511511511512,-3.4848181138107464,-11.240632697063162
116,1.1611611611611612,-3.597821617852516,-11.337463493600037
117,1.1711711711711712,-3.711794281779982,-11.434270735293925
118,1.1811811811811812,-3.826735869370067,-11.531054227208532
119,1.1911911911911912,-3.94264614194871,-11.627813774237858
120,1.2012012012012012,-4.059524858878907,-11.724549181464303
121,1.2112112112112112,-4.177371777563231,-11.821260254160787
122,1.2212212212212212,-4.296186653445726,-11.917946797792426
123,1.2312312312312312,-4.415969240013818,-12.01460861801821
124,1.2412412412412412,-4.53671928880021,-12.111245520692673
125,1.2512512512512513,-4.658436549384783,-12.207857311867578
126,1.2612612612612613,-4.7811207693965025,-12.304443797793589
127,1.2712712712712713,-4.904771694515316,-12.401004784921946
128,1.2812812812812813,-5.029389068474054,-12.497540079906145
129,1.2912912912912913,-5.154972633060334,-12.594049489603611
130,1.3013013013013013,-5.281522128118459,-12.690532821077372
131,1.3113113113113113,-5.409037291551325,-12.786989881597746
132,1.3213213213213213,-5.537517859322312,-12.883420478644002
133,1.3313313313313313,-5.666963565457195,-12.979824419906048
134,1.3413413413413413,-5.79737414204604,-13.076201513286103
135,1.3513513513513513,-5.928749319245109,-13.172551566900372
136,1.3613613613613613,-6.061088825278759,-13.268874389080727
137,1.3713713713713713,-6.1943923864413435,-13.365169788376376
138,1.3813813813813813,-6.328659727099114,-13.461437573555546
139,1.3913913913913913,-6.463890569692124,-13.557677553607155
140,1.4014014014014013,-6.600084634736125,-13.65388953774249
141,1.4114114114114114,-6.737241640824474,-13.750073335396886
142,1.4214214214214214,-6.875361304630032,-13.846228756231394
143,1.4314314314314314,-7.0144433409070635,-13.942355610134465
144,1.4414414414414414,-7.154487462493142,-14.038453707223624
145,1.4514514514514514,-7.295493380311047,-14.134522857847147
146,1.4614614614614614,-7.437460803370671,-14.230562872585734
147,1.4714714714714714,-7.580389439100806,-14.326573562373714
148,1.4814814814814814,-7.724278994977738,-14.422554739090092
149,1.4914914914914914,-7.869129175018402,-14.518506214288957
150,1.5015015015015014,-8.01493968097701,-14.614427799634022
151,1.5115115115115114,-8.16171021272363,-14.71031930703678
152,1.5215215215215214,-8.309440468246489,-14.806180548658322
153,1.5315315315315314,-8.458130143654255,-14.902011336911151
154,1.5415415415415414,-8.607778933178363,-14.997811484461021
155,1.5515515515515514,-8.758386529175294,-15.093580804228734
156,1.5615615615615615,-8.909952622128886,-15.189319109391985
157,1.5715715715715717,-9.062476900652639,-15.285026213387159
158,1.5815815815815817,-9.215959051491994,-15.38070192991117
159,1.5915915915915917,-9.370398759526662,-15.476346072923278
160,1.6016016016016017,-9.525795707772904,-15.571958456646898
161,1.6116116116116117,-9.682149577385843,-15.667538895571441
162,1.6216216216216217,-9.839460047661753,-15.76308720445412
163,1.6316316316316317,-9.997726796040373,-15.85860319832177
164,1.6416416416416417,-10.156949498107195,-15.954086692472679
165,1.6516516516516517,-10.317127827595773,-16.0495375024784
166,1.6616616616616617,-10.478261456390019,-16.144955444185584
167,1.6716716716716717,-10.640350054526504,-16.240340333717775
168,1.6816816816816818,-10.803393290196764,-16.33569198747727
169,1.6916916916916918,-10.96739082974959,-16.43101022214689
170,1.7017017017017018,-11.132342337693336,-16.52629485469186
171,1.7117117117117118,-11.298247476698219,-16.62154570236157
172,1.7217217217217218,-11.465105907598616,-16.716762582691445
173,1.7317317317317318,-11.632917289395369,-16.811945313504733
174,1.7417417417417418,-11.801681279258082,-16.907093712914342
175,1.7517517517517518,-11.97139753252742,-17.00220759932466
176,1.7617617617617618,-12.142065702717412,-17.09728679143336
177,1.7717717717717718,-12.313685441517757,-17.192331108233248
178,1.7817817817817818,-12.48625639938443,-17.28734036775405
179,1.7917917917917918,-12.659778225064974,-17.382314388085856
180,1.8018018018018018,-12.83425056493908,-17.4772529887982
181,1.8118118118118118,-13.009673063579003,-17.572155989746516
182,1.8218218218218218,-13.186045363752056,-17.667023211073587
183,1.8318318318318318,-13.363367106423063,-17.76185447321099
184,1.8418418418418419,-13.541637930756828,-17.856649596880583
185,1.8518518518518519,-13.7208574741206,-17.95140840309596
186,1.8618618618618619,-13.901025372086524,-18.04613071316397
187,1.8718718718718719,-14.082141258434119,-18.140816348686126
188,1.8818818818818819,-14.264204765152725,-18.235465131560144
189,1.8918918918918919,-14.447215522443976,-18.330076883981377
190,1.901901901901902,-14.63117315872426,-18.424651428444296
191,1.911911911911912,-14.816077300627178,-18.519188587743972
192,1.921921921921922,-15.00192757300601,-18.613688184977548
193,1.931931931931932,-15.188723598936175,-18.708150043545704
194,1.941941941941942,-15.376464999717692,-18.80257398715415
195,1.951951951951952,-15.565151394877647,-18.89695983981508
196,1.961961961961962,-15.754782402172653,-18.99130742584865
197,1.971971971971972,-15.94535763759131,-19.085616569884465
198,1.981981981981982,-16.136876715356674,-19.179887096863048
199,1.991991991991992,-16.32933924792871,-19.274118832037296
200,2.002002002002002,-16.52274484600677,-19.368311600973986
201,2.012012012012012,-16.717093118532016,-19.462465229555214
202,2.022022022022022,-16.912383672689945,-19.556579543979904
203,2.032032032032032,-17.1086161139128,-19.650654370765253
204,2.042042042042042,-17.30579004588205,-19.744689536748226
205,2.052052052052052,-17.503905070530852,-19.838684869087007
206,2.062062062062062,-17.70296078804652,-19.93264019526251
207,2.0720720720720722,-17.902956796872974,-20.026555343079806
208,2.0820820820820822,-18.103892694029653,-20.12043014049773
209,2.0920920920920922,-18.305768076435,-20.21426441491264
210,2.1021021021021022,-18.508582537908616,-20.308057994789902
211,2.1121121121121122,-18.71233567026679,-20.401810709071512
212,2.1221221221221223,-18.91702706361111,-20.495522387022127
213,2.1321321321321323,-19.12265630633128,-20.58919285823034
214,2.1421421421421423,-19.32922298510792,-20.682821952609974
215,2.1521521521521523,-19.53672668491536,-20.776409500401364
216,2.1621621621621623,-19.745166989024455,-20.86995533217267
217,2.1721721721721723,-19.95454347900537,-20.963459278821134
218,2.1821821821821823,-20.16485573473039,-21.056921171574395
219,2.1921921921921923,-20.376103334376733,-21.150340841991763
220,2.2022022022022023,-20.58828585442933,-21.243718121965525
221,2.2122122122122123,-20.801402869683653,-21.337052843722212
222,2.2222222222222223,-21.01545395324849,-21.430344839823913
223,2.2322322322322323,-21.23043867654876,-21.523593943169544
224,2.2422422422422423,-21.446356609328333,-21.616799986996153
225,2.2522522522522523,-21.66320731965279,-21.709962804880192
226,2.2622622622622623,-21.880990373912272,-21.803082230738827
227,2.2722722722722724,-22.099705336824236,-21.89615809883122
228,2.2822822822822824,-22.3193517714363,-21.989190243759808
229,2.2922922922922924,-22.539929239129012,-22.0821785004716
230,2.3023023023023024,-22.76143729961867,-22.17512270425948
231,2.3123123123123124,-22.983875510960125,-22.26802269076347
232,2.3223223223223224,-23.207243429549568,-22.36087829597204
233,2.3323323323323324,-23.431540610127342,-22.453689356223396
234,2.3423423423423424,-23.65676660578075,-22.546455708206754
235,2.3523523523523524,-23.88292096794684,-22.639177188963647
236,2.3623623623623624,-24.110003246415232,-22.731853635889205
237,2.3723723723723724,-24.338012989330895,-22.824484886733455
238,2.3823823823823824,-24.56694974319762,-22.917070779602323
239,2.3923923923923924,-24.796813054326556,-23.009611152379875
240,2.4024024024024024,-25.027602467498212,-23.102105843266624
241,2.4124124124124124,-25.2593175246539,-23.19455469130611
242,2.4224224224224224,-25.491957766122248,-23.286957535896
243,2.4324324324324325,-25.725522730622377,-23.379314216789275
244,2.4424424424424425,-25.960011955267092,-23.471624574095316
245,2.4524524524524525,-26.195424975566045,-23.56388844828108
246,2.4624624624624625,-26.431761325428916,-23.656105680172235
247,2.4724724724724725,-26.669020537168596,-23.748276110954272
248,2.4824824824824825,-26.907202141504364,-23.840399582173685
249,2.4924924924924925,-27.146305667565056,-23.932475935739074
250,2.5025025025025025,-27.38633064289226,-24.0245050139223
251,2.5125125125125125,-27.627276593443476,-24.11648665935963
252,2.5225225225225225,-27.8691430435953,-24.208420715052863
253,2.5325325325325325,-28.111929516146617,-24.300307024370476
254,2.5425425425425425,-28.355635532321752,-24.39214543104876
255,2.5525525525525525,-28.600260611773663,-24.48393577919296
256,2.5625625625625625,-28.845804272587124,-24.575677913278422
257,2.5725725725725725,-29.092266031281895,-24.667371678151714
258,2.5825825825825826,-29.339645402815894,-24.759016919031776
259,2.5925925925925926,-29.58794190058839,-24.85061348151107
260,2.6026026026026026,-29.837155036443168,-24.942161211556694
261,2.6126126126126126,-30.087284320671717,-25.033659955511542
262,2.6226226226226226,-30.3383292620164,-25.125109560095435
263,2.6326326326326326,-30.590289367673634,-25.216509872406256
264,2.6426426426426426,-30.84316414329707,-25.307860739921097
265,2.6526526526526526,-31.09695309300077,-25.399162010497395
266,2.6626626626626626,-31.35165571936238,-25.490413532374067
267,2.6726726726726726,-31.607271523426324,-25.581615154172656
268,2.6826826826826826,-31.86380000470696,-25.672766724898466
269,2.6926926926926926,-32.12124136465238,-25.76386828967071
270,2.7027027027027026,-32.37959358554317,-25.854919274932893
271,2.7127127127127126,-32.638856989953474,-25.94591976102008
272,2.7227227227227226,-32.89903107019872,-26.03686959793441
273,2.7327327327327327,-33.160115317193686,-26.127768636086863
274,2.7427427427427427,-33.42210922045251,-26.218616726297274
275,2.7527527527527527,-33.68501226808872,-26.30941371979431
276,2.7627627627627627,-33.948823946815175,-26.400159468215506
277,2.7727727727727727,-34.21354374194409,-26.490853823607228
278,2.7827827827827827,-34.479171137387084,-26.581496638424696
279,2.7927927927927927,-34.7457056156551,-26.672087765531984
280,2.8028028028028027,-35.01314665785844,-26.762627058201996
281,2.8128128128128127,-35.2814937437068,-26.853114370116508
282,2.8228228228228227,-35.55074635150921,-26.94354955536612
283,2.8328328328328327,-35.82090395817408,-27.033932468450292
284,2.8428428428428427,-36.091966039209154,-27.12426296427733
285,2.8528528528528527,-36.36393206872158,-27.21454089816439
286,2.8628628628628627,-36.63680151941783,-27.304766125837467
287,2.8728728728728727,-36.910573862603755,-27.394938503431415
288,2.8828828828828827,-37.18524856818456,-27.48505788748993
289,2.8928928928928928,-37.46082510466482,-27.57512413496555
290,2.9029029029029028,-37.73730293914848,-27.66513710321967
291,2.9129129129129128,-38.01468153733881,-27.755096650022526
292,2.9229229229229228,-38.292960363538484,-27.845002633553207
293,2.932932932932933,-38.57213888064952,-27.934854912399643
294,2.942942942942943,-38.85221655017329,-28.024653345558622
295,2.952952952952953,-39.13319283221054,-28.114397792435767
296,2.962962962962963,-39.415067185461375,-28.204088112845557
297,2.972972972972973,-39.69783906722525,-28.293724167011312
298,2.982982982982983,-39.98150793340101,-28.383305815565212
299,2.992992992992993,-40.26607323849262,-28.47283291954656
300,3.003003003003003,-40.551534438078484,-28.56230533967265
301,3.013013013013013,-40.837890986180994,-28.651722937115505
302,3.023023023023023,-41.12514233352363,-28.74108557401653
303,3.033033033033033,-41.41328792944188,-28.83039311292226
304,3.043043043043043,-41.702327221883245,-28.919645416784324
305,3.053053053053053,-41.992259657407246,-29.00884234895947
306,3.063063063063063,-42.28308468118542,-29.097983773209556
307,3.073073073073073,-42.574801737001316,-29.187069553701548
308,3.083083083083083,-42.867410267250506,-29.27609955500753
309,3.093093093093093,-43.16090971294058,-29.365073642104694
310,3.103103103103103,-43.45529951369112,-29.45399168037533
311,3.113113113113113,-43.75057910773376,-29.542853535606863
312,3.123123123123123,-44.04674793191214,-29.63165907399181
313,3.1331331331331334,-44.34380542168189,-29.720408162127804
314,3.1431431431431434,-44.64175101111068,-29.80910066701759
315,3.1531531531531534,-44.94058413287818,-29.89773645606902
316,3.1631631631631634,-45.24030421827611,-29.986315397095066
317,3.1731731731731734,-45.54091069720816,-30.074837358313804
318,3.1831831831831834,-45.84240299819008,-30.16330220834842
319,3.1931931931931934,-46.14478054834961,-30.251709816227212
320,3.2032032032032034,-46.4480427734265,-30.340060051383592
321,3.2132132132132134,-46.75218909777254,-30.42835278365608
322,3.2232232232232234,-47.05721894435152,-30.516587883288306
323,3.2332332332332334,-47.36313173473925,-30.604765220929014
324,3.2432432432432434,-47.66992688912355,-30.692884667632057
325,3.2532532532532534,-47.97760382630427,-30.7809460948564
326,3.2632632632632634,-48.28616196369327,-30.868949374466116
327,3.2732732732732734,-48.59560071731441,-30.95689437873039
328,3.2832832832832834,-48.9059195018036,-31.044780980323516
329,3.2932932932932935,-49.21711773040873,-31.13260905232491
330,3.3033033033033035,-49.52919481498974,-31.22037846821908
331,3.3133133133133135,-49.84215016601854,-31.308089101895668
332,3.3233233233233235,-50.15598320172077,-31.395740828208034
333,3.3333333333333335,-50.47069334735413,-31.4833335229292
334,3.3433433433433435,-50.78628001195618,-31.570867061330926
335,3.3533533533533535,-51.102742602945916,-31.658341319075998
336,3.3633633633633635,-51.42008052642666,-31.74575617223672
337,3.3733733733733735,-51.73829318718609,-31.833111497294944
338,3.3833833833833835,-52.05737998869619,-31.92040717114204
339,3.3933933933933935,-52.377340333113345,-32.0076430710789
340,3.4034034034034035,-52.69817362127823,-32.09481907481597
341,3.4134134134134135,-53.01987925271589,-32.181935060473215
342,3.4234234234234235,-53.3424566256357,-32.26899090658013
343,3.4334334334334335,-53.665905136931386,-32.35598649207573
344,3.4434434434434436,-53.990224182181024,-32.44292169630858
345,3.4534534534534536,-54.315413155647,-32.52979639903677
346,3.4634634634634636,-54.641471450276086,-32.61661048042791
347,3.4734734734734736,-54.968398457699365,-32.703363821059156
348,3.4834834834834836,-55.29619356823227,-32.790056301917176
349,3.4934934934934936,-55.62485617087458,-32.87668780439819
350,3.5035035035035036,-55.95438565331041,-32.963258210307934
351,3.5135135135135136,-56.28478140190824,-33.04976740186168
352,3.5235235235235236,-56.61604280172086,-33.13621526168422
353,3.5335335335335336,-56.94816923648542,-33.2226016728099
354,3.5435435435435436,-57.281160088623416,-33.308926518682576
355,3.5535535535535536,-57.61501473924068,-33.39518968315564
356,3.5635635635635636,-57.949732568127374,-33.481391050492014
357,3.5735735735735736,-58.28531295375804,-33.56753050536416
358,3.5835835835835836,-58.621755273291505,-33.65360793285406
359,3.5935935935935936,-58.959058902571,-33.73962321845322
360,3.6036036036036037,-59.29722321612406,-33.825576248062696
361,3.6136136136136137,-59.63624758716257,-33.91146690799306
362,3.6236236236236237,-59.97613138758277,-33.99729508496442
363,3.6336336336336337,-60.31687398796522,-34.08306066610641
364,3.6436436436436437,-60.658474766794335,-34.168763539879464
365,3.6536536536536537,-61.00093312719282,-34.25440359774691
366,3.6636636636636637,-61.34424844301236,-34.33998072878824
367,3.6736736736736737,-61.6884200840033,-34.42549482221412
368,3.6836836836836837,-62.033447418729345,-34.51094576765763
369,3.6936936936936937,-62.37932981456764,-34.59633345517428
370,3.7037037037037037,-62.726066637708705,-34.68165777524202
371,3.7137137137137137,-63.07365725315648,-34.76691861876122
372,3.7237237237237237,-63.42210102472829,-34.85211587705466
373,3.7337337337337337,-63.771397315054884,-34.93724944186756
374,3.7437437437437437,-64.12154548558038,-35.022319205367566
375,3.7537537537537538,-64.47254489656231,-35.10732506014475
376,3.7637637637637638,-64.82439490707164,-35.192266899211624
377,3.7737737737737738,-65.17709487499266,-35.2771446160031
378,3.7837837837837838,-65.53064415702316,-35.361958104376534
379,3.793793793793794,-65.88504210867424,-35.4467072586117
380,3.803803803803804,-66.24028808427046,-35.53139197341081
381,3.813813813813814,-66.59638143694977,-35.6160121438985
382,3.823823823823824,-66.95332151866349,-35.70056766562181
383,3.833833833833834,-67.31110768017638,-35.78505843455025
384,3.843843843843844,-67.66973927106658,-35.86948434707571
385,3.853853853853854,-68.02921563972563,-35.95384530001254
386,3.863863863863864,-68.38953613335849,-36.0381411905975
387,3.873873873873874,-68.75070009798351,-36.12237191648978
388,3.883883883883884,-69.11270687843242,-36.206537375771006
389,3.893893893893894,-69.47555581835039,-36.29063746694522
390,3.903903903903904,-69.83924626019596,-36.37467208893889
391,3.913913913913914,-70.2037775452411,-36.458641141100905
392,3.923923923923924,-70.56914901357112,-36.54254452320261
393,3.933933933933934,-70.93536000408483,-36.62638213543774
394,3.943943943943944,-71.30240985449436,-36.710153878422474
395,3.953953953953954,-71.67029790132526,-36.793859653195426
396,3.963963963963964,-72.03902348436112,-36.877499361483665
397,3.973973973973974,-72.40858597525997,-36.961072907415755
398,3.983983983983984,-72.77898471918363,-37.04458019402763
399,3.993993993993994,-73.15021905261564,-37.1280211243292
400,4.004004004004004,-73.52228831099077,-37.21139560176106
401,4.014014014014014,-73.89519182869495,-37.29470353019448
402,4.024024024024024,-74.26892893906536,-37.37794481393139
403,4.034034034034034,-74.64349897439038,-37.46111935770442
404,4.044044044044044,-75.0189012659096,-37.544227066676854
405,4.054054054054054,-75.39513514381385,-37.62726784644266
406,4.064064064064064,-75.7721999372451,-37.710241603026496
407,4.074074074074074,-76.15009497429664,-37.79314824288368
408,4.084084084084084,-76.52881958201284,-37.87598767290021
409,4.094094094094094,-76.90837308638942,-37.95875980039275
410,4.104104104104104,-77.2887548123732,-38.04146453310866
411,4.114114114114114,-77.66996408386227,-38.12410177922596
412,4.124124124124124,-78.0520002237059,-38.20667144735335
413,4.134134134134134,-78.43486255370462,-38.289173446530214
414,4.1441441441441444,-78.81855039461011,-38.371607686226604
415,4.1541541541541545,-79.20306306612532,-38.45397407634324
416,4.1641641641641645,-79.58839988690436,-38.53627252721154
417,4.1741741741741745,-79.97456017455258,-38.61850294959358
418,4.1841841841841845,-80.36154324562655,-38.70066525468211
419,4.1941941941941945,-80.74934841563403,-38.78275935410056
420,4.2042042042042045,-81.137974999034,-38.86478515990306
421,4.2142142142142145,-81.52742230923664,-38.94674258457437
422,4.2242242242242245,-81.91768965860338,-39.028631541029974
423,4.2342342342342345,-82.30877635844682,-39.110451942615995
424,4.2442442442442445,-82.70068171903078,-39.19220370310924
425,4.2542542542542545,-83.09340504957031,-39.273886736717216
426,4.2642642642642645,-83.48694565823166,-39.35550095807807
427,4.2742742742742745,-83.88130285213228,-39.437046282260646
428,4.2842842842842845,-84.27647473043818,-39.51852260247953
429,4.2942942942942945,-84.6724632255439,-39.59992988317825
430,4.3043043043043046,-85.06926625329146,-39.68126801508646
431,4.314314314314315,-85.4668831233476,-39.76253691512024
432,4.324324324324325,-85.86531314433986,-39.843736500626534
433,4.334334334334335,-86.26455562386099,-39.924866689383194
434,4.344344344344345,-86.66460986847316,-40.0059273995991
435,4.354354354354355,-87.06547518371242,-40.08691854991423
436,4.364364364364365,-87.46715087409295,-40.16784005939971
437,4.374374374374375,-87.86963624311142,-40.24869184755795
438,4.384384384384385,-88.27293059325127,-40.329473834322684
439,4.394394394394395,-88.67703322598716,-40.410185940059044
440,4.404404404404405,-89.08194344178915,-40.49082808556368
441,4.414414414414415,-89.48766054012714,-40.571400192064786
442,4.424424424424425,-89.89418381947513,-40.65190218122224
443,4.434434434434435,-90.30151257731563,-40.73233397512763
444,4.444444444444445,-90.70964611014391,-40.812695496304364
445,4.454454454454455,-91.11858371347233,-40.89298666770775
446,4.464464464464465,-91.52832468183479,-40.97320741272507
447,4.474474474474475,-91.93886830879089,-41.053357655175624
448,4.484484484484485,-92.35021388693036,-41.1334373193109
449,4.494494494494495,-92.76236070787742,-41.213446329814566
450,4.504504504504505,-93.17530806229499,-41.29338461180257
451,4.514514514514515,-93.58905523988915,-41.37325209082328
452,4.524524524524525,-94.00360152941337,-41.453048692857465
453,4.534534534534535,-94.41894621867291,-41.53277434431845
454,4.544544544544545,-94.83508859452913,-41.61242897205218
455,4.554554554554555,-95.25202794290377,-41.69201250333728
456,4.564564564564565,-95.66976354878335,-41.771524865885155
457,4.574574574574575,-96.08829469622349,-41.85096598784005
458,4.584584584584585,-96.50762066835317,-41.93033579777916
459,4.594594594594595,-96.92774074737919,-42.00963422471267
460,4.604604604604605,-97.34865421459759,-42.088861198083656
461,4.614614614614615,-97.77036038835976,-42.168016646544544
462,4.624624624624625,-98.1928585870465,-42.247100499150775
463,4.634634634634635,-98.6161480937552,-42.32611268649918
464,4.644644644644645,-99.04022819080222,-42.40505313961616
465,4.654654654654655,-99.46509815972857,-42.48392178995769
466,4.664664664664665,-99.89075728130545,-42.5627185694094
467,4.674674674674675,-100.31720483553991,-42.641443410286584
468,4.684684684684685,-100.74444010168045,-42.72009624533423
469,4.694694694694695,-101.17246235822263,-42.798677007727115
470,4.704704704704705,-101.60127088291462,-42.87718563106977
471,4.714714714714715,-102.03086495276294,-42.955622049396574
472,4.724724724724725,-102.46124384403794,-43.033986197171764
473,4.734734734734735,-102.89240683227952,-43.112278009289476
474,4.744744744744745,-103.32435319230262,-43.1904974210738
475,4.754754754754755,-103.75708219820295,-43.268644368278814
476,4.764764764764765,-104.19059312336255,-43.3467187870886
477,4.774774774774775,-104.62488524045534,-43.42472061411731
478,4.784784784784785,-105.05995782145285,-43.502649786409194
479,4.794794794794795,-105.49581013762977,-43.58050624143863
480,4.804804804804805,-105.93244145956952,-43.65828991711018
481,4.814814814814815,-106.36985105716991,-43.73600075175864
482,4.824824824824825,-106.80803819964878,-43.81363868414901
483,4.834834834834835,-107.24700215554951,-43.89120365347662
484,4.844844844844845,-107.68674219274675,-43.96869559936714
485,4.854854854854855,-108.12725757845195,-44.046114461876556
486,4.864864864864865,-108.56854757921899,-44.123460181491325
487,4.874874874874875,-109.01061146094979,-44.20073269912831
488,4.884884884884885,-109.45344848889994,-44.277931956134864
489,4.894894894894895,-109.89705792768427,-44.35505789428888
490,4.904904904904905,-110.34143904128254,-44.43211045579881
491,4.914914914914915,-110.78659109304493,-44.50908958330368
492,4.924924924924925,-111.23251334569777,-44.58599521987319
493,4.934934934934935,-111.67920506134904,-44.66282730900771
494,4.944944944944945,-112.1266655014941,-44.739585794638316
495,4.954954954954955,-112.5748939270212,-44.81627062112685
496,4.964964964964965,-113.02388959821714,-44.89288173326594
497,4.974974974974975,-113.47365177477288,-44.96941907627906
498,4.984984984984985,-113.92417971578911,-45.045882595820544
499,4.994994994994995,-114.37547267978192,-45.12227223797564
500,5.005005005005005,-114.82752992468839,-45.19858794926056
501,5.015015015015015,-115.28035070787215,-45.274829676622474
502,5.025025025025025,-115.73393428612906,-45.350997367439604
503,5.035035035035035,-116.18827991569279,-45.427090969521224
504,5.045045045045045,-116.64338685224044,-45.50311043110772
505,5.055055055055055,-117.09925435089814,-45.57905570087062
506,5.065065065065065,-117.55588166624665,-45.654926727912624
507,5.075075075075075,-118.01326805232699,-45.73072346176767
508,5.085085085085085,-118.47141276264607,-45.806445852400934
509,5.095095095095095,-118.93031505018224,-45.8820938502089
510,5.105105105105105,-119.38997416739099,-45.9576674060194
511,5.115115115115115,-119.85038936621042,-46.033166471091604
512,5.125125125125125,-120.31155989806703,-46.108590997116146
513,5.135135135135135,-120.77348501388119,-46.183940936215066
514,5.145145145145145,-121.2361639640728,-46.259216240941925
515,5.155155155155155,-121.6995959985669,-46.334416864281806
516,5.165165165165165,-122.16378036679932,-46.40954275965135
517,5.175175175175175,-122.62871631772218,-46.48459388089882
518,5.185185185185185,-123.09440309980964,-46.55957018230411
519,5.195195195195195,-123.5608399610634,-46.63447161857881
520,5.205205205205205,-124.02802614901834,-46.709298144866224
521,5.215215215215215,-124.49596091087514,-46.78404971669342
522,5.225225225225225,-124.9646435138352,-46.858726282280855
523,5.235235235235235,-125.43407322050292,-46.93332779184964
524,5.245245245245245,-125.90424927878843,-47.0078542014433
525,5.255255255255255,-126.37517093622068,-47.08230546751549
526,5.265265265265265,-126.84683743995373,-47.15668154692978
527,5.275275275275275,-127.31924803677283,-47.230982396959526
528,5.285285285285285,-127.79240197310082,-47.305207975287594
529,5.295295295295295,-128.26629849500424,-47.37935824000624
530,5.305305305305305,-128.74093684819957,-47.453433149616856
531,5.315315315315315,-129.21631627805957,-47.527432663029806
532,5.325325325325325,-129.69243602961927,-47.601356739564245
533,5.335335335335335,-130.16929534758248,-47.675205338947876
534,5.345345345345345,-130.64689347632776,-47.74897842131682
535,5.355355355355355,-131.12522965991488,-47.82267594721536
536,5.365365365365365,-131.60430314209083,-47.89629787759579
537,5.375375375375375,-132.08411316629622,-47.969844173818196
538,5.385385385385385,-132.5646589756714,-48.043314797650275
539,5.395395395395395,-133.0459398130627,-48.11670971126714
540,5.405405405405405,-133.52795492102868,-48.190028877251116
541,5.415415415415415,-134.01070354184645,-48.263272258591556
542,5.425425425425425,-134.49418491751769,-48.33643981868463
543,5.435435435435435,-134.978398289775,-48.40953152133317
544,5.445445445445445,-135.46334290008812,-48.482547330746414
545,5.455455455455455,-135.94901798967024,-48.555487211539884
546,5.465465465465465,-136.435422799484,-48.62835112873511
547,5.475475475475475,-136.9225565702479,-48.701139047759526
548,5.485485485485485,-137.41041854244256,-48.77385093444619
549,5.495495495495495,-137.89900795631675,-48.84648675503365
550,5.505505505505505,-138.3883240518938,-48.91904647616573
551,5.515515515515515,-138.8783660689777,-48.99153006489132
552,5.525525525525525,-139.36913324715948,-49.063937488664216
553,5.535535535535535,-139.8606248258233,-49.13626871534288
554,5.545545545545545,-140.35284004415263,-49.20852371319029
555,5.555555555555555,-140.84577814113672,-49.280702450873726
556,5.565565565565565,-141.33943835557653,-49.352804897464566
557,5.575575575575575,-141.83381992609122,-49.424831022438106
558,5.585585585585585,-142.32892209112418,-49.49678079567337
559,5.595595595595595,-142.82474408894936,-49.5686541874529
560,5.605605605605605,-143.32128515767744,-49.64045116846256
561,5.615615615615615,-143.81854453526208,-49.71217170979138
562,5.625625625625625,-144.31652145950622,-49.7838157829313
563,5.635635635635635,-144.81521516806816,-49.85538335977702
564,5.645645645645645,-145.31462489846794,-49.9268744126258
565,5.655655655655655,-145.8147498880934,-49.99828891417726
566,5.665665665665665,-146.31558937420658,-50.069626837533164
567,5.675675675675675,-146.8171425939498,-50.14088815619727
568,5.685685685685685,-147.319408784352,-50.2120728440751
569,5.6956956956956954,-147.82238718233486,-50.283180875473775
570,5.7057057057057055,-148.32607702471918,-50.354212225101776
571,5.7157157157157155,-148.8304775482309,-50.42516686806879
572,5.7257257257257255,-149.33558798950753,-50.49604477988552
573,5.7357357357357355,-149.8414075851042,-50.566845936463444
574,5.7457457457457455,-150.34793557150005,-50.637570314114676
575,5.7557557557557555,-150.8551711851043,-50.70821788955172
576,5.7657657657657655,-151.36311366226263,-50.778788639887324
577,5.7757757757757755,-151.87176223926326,-50.849282542634256
578,5.7857857857857855,-152.38111615234328,-50.91969957570511
579,5.7957957957957955,-152.89117463769483,-50.990039717412124
580,5.8058058058058055,-153.4019369314714,-51.06030294646698
581,5.8158158158158155,-153.9134022697939,-51.13048924198062
582,5.8258258258258255,-154.42556988736294,-51.2005985832717
583,5.8358358358358355,-154.93843894671744,-51.27063094015667
584,5.8458458458458455,-155.45200863723352,-51.340586286535846
585,5.8558558558558556,-155.96627818782264,-51.41046460213504
586,5.865865865865866,-156.48124682720714,-51.48026586705256
587,5.875875875875876,-156.99691378392424,-51.54999006175874
588,5.885885885885886,-157.5132782863304,-51.61963716709546
589,5.895895895895896,-158.0303395626055,-51.68920716427569
590,5.905905905905906,-158.548096840757,-51.758700034883006
591,5.915915915915916,-159.06654934862428,-51.82811576087112
592,5.925925925925926,-159.58569631388272,-51.89745432456343
593,5.935935935935936,-160.10553696404804,-51.9667157086525
594,5.945945945945946,-160.6260705264804,-52.03589989619967
595,5.955955955955956,-161.14729622838874,-52.10500687063452
596,5.965965965965966,-161.66921329683493,-52.17403661575442
597,5.975975975975976,-162.19182095873796,-52.24298911572405
598,5.985985985985986,-162.71511844087826,-52.311864355074974
599,5.995995995995996,-163.23910496990175,-52.38066231870511
600,6.006006006006006,-163.76377977232426,-52.44938299187829
601,6.016016016016016,-164.28914207453562,-52.51802636022379
602,6.026026026026026,-164.8151911028039,-52.58659240973587
603,6.036036036036036,-165.34192608327965,-52.655081126773275
604,6.046046046046046,-165.8693462420001,-52.72349249805878
605,6.056056056056056,-166.3974508048933,-52.79182651067873
606,6.066066066066066,-166.9262389977826,-52.86008315208256
607,6.076076076076076,-167.45571004639052,-52.928262410082326
608,6.086086086086086,-167.98586317634323,-52.996364272852226
609,6.096096096096096,-168.5166976131746,-53.06438872892815
610,6.106106106106106,-169.04821258233062,-53.1323357672072
611,6.116116116116116,-169.58040730917332,-53.20020537694721
612,6.126126126126126,-170.1132810189853,-53.2679975477663
613,6.136136136136136,-170.64683293697374,-53.335712269642364
614,6.146146146146146,-171.18106228827472,-53.40334953291266
615,6.156156156156156,-171.71596829795735,-53.47090932827327
616,6.166166166166166,-172.2515501910281,-53.53839164677872
617,6.176176176176176,-172.78780719243488,-53.6057964798414
618,6.186186186186186,-173.32473852707147,-53.673123819231186
619,6.196196196196196,-173.86234341978147,-53.74037365707493
620,6.206206206206206,-174.40062109536274,-53.80754598585599
621,6.216216216216216,-174.9395707785715,-53.87464079841376
622,6.226226226226226,-175.47919169412657,-53.94165808794321
623,6.236236236236236,-176.0194830667136,-54.00859784799442
624,6.246246246246246,-176.56044412098933,-54.075460072472104
625,6.256256256256257,-177.10207408158576,-54.14224475563511
626,6.266266266266267,-177.64437217311422,-54.208951892095996
627,6.276276276276277,-178.18733762016998,-54.27558147682055
628,6.286286286286287,-178.73096964733605,-54.34213350512728
629,6.296296296296297,-179.27526747918765,-54.40860797268702
630,6.306306306306307,-179.82023034029635,-54.47500487552238
631,6.316316316316317,-180.3658574552343,-54.54132421000732
632,6.326326326326327,-180.91214804857842,-54.60756597286668
633,6.336336336336337,-181.45910134491464,-54.67373016117569
634,6.346346346346347,-182.0067165688421,-54.73981677235952
635,6.356356356356357,-182.55499294497747,-54.805825804192786
636,6.366366366366367,-183.10392969795896,-54.87175725479912
637,6.376376376376377,-183.65352605245076,-54.93761112265066
638,6.386386386386387,-184.20378123314708,-55.00338740656759
639,6.396396396396397,-184.75469446477655,-55.06908610571768
640,6.406406406406407,-185.30626497210625,-55.13470721961583
641,6.416416416416417,-185.85849197994602,-55.200250748123544
642,6.426426426426427,-186.41137471315272,-55.265716691448525
643,6.436436436436437,-186.9649123958526,-55.33110504987701
644,6.446446446446447,-187.51910423215102,-55.39641581717923
645,6.456456456456457,-188.07394943640156,-55.46164899095223
646,6.466466466466467,-188.629447231798,-55.526804572136705
647,6.476476476476477,-189.18559684155252,-55.5918825620002
648,6.486486486486487,-189.7423974888993,-55.65688296213641
649,6.496496496496497,-190.2998483970981,-55.72180577446454
650,6.506506506506507,-190.85794878943813,-55.78665100122869
651,6.516516516516517,-191.4166978892417,-55.85141864499713
652,6.526526526526527,-191.9760949198678,-55.91610870866172
653,6.536536536536537,-192.53613910471586,-55.980721195437226
654,6.546546546546547,-193.09682966722943,-56.045256108860656
655,6.556556556556557,-193.65816583089992,-56.10971345279065
656,6.566566566566567,-194.22014681927018,-56.174093231406786
657,6.576576576576577,-194.78277185593825,-56.23839544920894
658,6.586586586586587,-195.34604016456103,-56.30262011101665
659,6.596596596596597,-195.90995096885797,-56.36676722196845
660,6.606606606606607,-196.47450349261482,-56.43083678752123
661,6.616616616616617,-197.03969695968715,-56.494828813449566
662,6.626626626626627,-197.60553059400425,-56.55874330584508
663,6.636636636636637,-198.17200361957265,-56.62258027111579
664,6.646646646646647,-198.7391152604799,-56.686339715985454
665,6.656656656656657,-199.3068647408982,-56.75002164749292
666,6.666666666666667,-199.87525128508807,-56.8136260729915
667,6.676676676676677,-200.44427411740216,-56.87715300014823
668,6.686686686686687,-201.01393246228884,-56.94060243694336
669,6.696696696696697,-201.58422554429586,-57.00397439166956
670,6.706706706706707,-202.15515258807406,-57.067268872931365
671,6.716716716716717,-202.72671281838117,-57.13048588964448
672,6.726726726726727,-203.29890546008528,-57.193625451035146
673,6.736736736736737,-203.87172973816877,-57.25668756663947
674,6.746746746746747,-204.44518487773175,-57.3196722463028
675,6.756756756756757,-205.01927010399598,-57.38257950017905
676,6.766766766766767,-205.59398464230838,-57.445409338730045
677,6.776776776776777,-206.1693277181448,-57.5081617727249
678,6.786786786786787,-206.74529855711373,-57.57083681323934
679,6.796796796796797,-207.32189638495987,-57.633434471655065
680,6.806806806806807,-207.89912042756796,-57.695954759659074
681,6.816816816816817,-208.47696991096637,-57.758397689243054
682,6.826826826826827,-209.05544406133086,-57.82076327270269
683,6.836836836836837,-209.63454210498813,-57.883051522637025
684,6.846846846846847,-210.21426326841973,-57.94526245194782
685,6.856856856856857,-210.7946067782655,-58.0073960738389
686,6.866866866866867,-211.37557186132744,-58.06945240181548
687,6.876876876876877,-211.95715774457335,-58.13143144968354
688,6.886886886886887,-212.5393636551404,-58.19333323154916
689,6.896896896896897,-213.12218882033903,-58.255157761817884
690,6.906906906906907,-213.70563246765647,-58.316905055194034
691,6.916916916916917,-214.2896938247605,-58.378575126680104
692,6.926926926926927,-214.87437211950302,-58.440167991576054
693,6.936936936936937,-215.45966657992398,-58.50168366547873
694,6.946946946946947,-216.0455764342548,-58.56312216428113
695,6.956956956956957,-216.63210091092225,-58.624483504171835
696,6.966966966966967,-217.21923923855203,-58.685767701634276
697,6.976976976976977,-217.80699064597246,-58.746974773446155
698,6.986986986986987,-218.39535436221826,-58.808104736678736
699,6.996996996996997,-218.98432961653413,-58.86915760869625
700,7.007007007007007,-219.57391563837848,-58.930133407155175
701,7.017017017017017,-220.16411165742713,-58.991032150003655
702,7.027027027027027,-220.75491690357697,-59.051853855480786
703,7.037037037037037,-221.34633060694964,-59.11259854211602
704,7.047047047047047,-221.93835199679816,-59.1732662284361
705,7.057057057057057,-222.53098028584196,-59.23385692878912
706,7.067067067067067,-223.12421469747113,-59.2943706605922
707,7.077077077077077,-223.71805446120058,-59.354807443118474
708,7.087087087087087,-224.31249880674795,-59.4151672959174
709,7.097097097097097,-224.90754696403692,-59.47545023881391
710,7.107107107107107,-225.5031981632003,-59.53565629190771
711,7.117117117117117,-226.09945163458337,-59.59578547557248
712,7.127127127127127,-226.69630660874722,-59.655837810455104
713,7.137137137137137,-227.2937623164718,-59.71581331747491
714,7.147147147147147,-227.8918179887594,-59.775712017822926
715,7.157157157157157,-228.49047285683775,-59.83553393296106
716,7.167167167167167,-229.08972615216328,-59.89527908462141
717,7.177177177177177,-229.6895771064245,-59.9549474948054
718,7.187187187187187,-230.29002495154512,-60.014539185783114
719,7.197197197197197,-230.89106891968737,-60.07405418009245
720,7.207207207207207,-231.4927082432552,-60.1334925005384
721,7.217217217217217,-232.0949421548977,-60.19285417019226
722,7.227227227227227,-232.69776988751207,-60.25213921239088
723,7.237237237237237,-233.30119067424712,-60.31134765073587
724,7.247247247247247,-233.90520374850644,-60.370479509092874
725,7.257257257257257,-234.50980834395162,-60.42953481159076
726,7.267267267267267,-235.11500369450556,-60.4885135826209
727,7.277277277277277,-235.72078903435568,-60.547415846836344
728,7.287287287287287,-236.32716359795725,-60.606241629151114
729,7.297297297297297,-236.93412662003652,-60.6649909547394
730,7.307307307307307,-237.54167733559404,-60.72366384903479
731,7.317317317317317,-238.14981497990806,-60.78226033772955
732,7.327327327327327,-238.75853878853746,-60.84078044677377
733,7.337337337337337,-239.36784799732527,-60.899224202374704
734,7.347347347347347,-239.97774184240188,-60.957591630995914
735,7.357357357357357,-240.5882195601882,-61.015882759356565
736,7.367367367367367,-241.19928038739897,-61.074097614430606
737,7.377377377377377,-241.81092356104608,-61.13223622344605
738,7.387387387387387,-242.42314831844172,-61.190298613884174
739,7.397397397397397,-243.0359538972016,-61.24828481347877
740,7.407407407407407,-243.64933953524846,-61.30619485021537
741,7.4174174174174174,-244.26330447081497,-61.36402875233048
742,7.4274274274274275,-244.87784794244723,-61.421786548310834
743,7.4374374374374375,-245.492969189008,-61.47946826689258
744,7.4474474474474475,-246.10866744967979,-61.53707393706057
745,7.4574574574574575,-246.72494196396835,-61.59460358804753
746,7.4674674674674675,-247.34179197170576,-61.65205724933337
747,7.4774774774774775,-247.95921671305368,-61.70943495064433
748,7.4874874874874875,-248.57721542850678,-61.766736721952306
749,7.4974974974974975,-249.19578735889573,-61.82396259347401
750,7.5075075075075075,-249.81493174539068,-61.88111259567021
751,7.5175175175175175,-250.43464782950443,-61.93818675924503
752,7.5275275275275275,-251.05493485309566,-61.9951851151451
753,7.5375375375375375,-251.6757920583722,-62.05210769455883
754,7.5475475475475475,-252.2972186878943,-62.108954528915646
755,7.5575575575575575,-252.91921398457788,-62.16572564988521
756,7.5675675675675675,-253.54177719169778,-62.22242108937667
757,7.5775775775775776,-254.16490755289104,-62.27904087953785
758,7.587587587587588,-254.78860431216012,-62.33558505275456
759,7.597597597597598,-255.41286671387613,-62.392053641649746
760,7.607607607607608,-256.03769400278213,-62.44844667908278
761,7.617617617617618,-256.66308542399645,-62.50476419814867
762,7.627627627627628,-257.2890402230158,-62.5610062321773
763,7.637637637637638,-257.9155576457185,-62.61717281473265
764,7.647647647647648,-258.542636938368,-62.67326397961205
765,7.657657657657658,-259.17027734572264,-62.7292797606288
766,7.667667667667668,-259.7984780940133,-62.785220189663505
767,7.677677677677678,-260.4272384236006,-62.84108530039921
768,7.687687687687688,-261.05655758058305,-62.896875127360175
769,7.697697697697698,-261.68643481141487,-62.952589705294976
770,7.707707707707708,-262.3168693629088,-63.008229069175634
771,7.717717717717718,-262.94786048223864,-63.06379325419685
772,7.727727727727728,-263.57940741694233,-63.119282295775136
773,7.737737737737738,-264.2115094149245,-63.174696229548005
774,7.747747747747748,-264.84416572445923,-63.23003509137315
775,7.757757757757758,-265.47737559419306,-63.28529891732765
776,7.767767767767768,-266.1111382731474,-63.340487743707094
777,7.777777777777778,-266.7454530107216,-63.395601607024794
778,7.787787787787788,-267.38031905669555,-63.45064054401096
779,7.797797797797798,-268.01573566123255,-63.50560459161187
780,7.807807807807808,-268.651702074882,-63.56049378698906
781,7.817817817817818,-269.2882175485822,-63.61530816751848
782,7.827827827827828,-269.9252813336632,-63.67004777078967
783,7.837837837837838,-270.56289268184935,-63.724712634605
784,7.847847847847848,-271.2010508452623,-63.77930279697874
785,7.857857857857858,-271.83975507642356,-63.833818296136336
786,7.867867867867868,-272.47900462825766,-63.88825917051354
787,7.877877877877878,-273.1187987540943,-63.942625458755586
788,7.887887887887888,-273.7591367076717,-63.996917199716385
789,7.897897897897898,-274.400017743139,-64.05113443245769
790,7.907907907907908,-275.04144111505923,-64.1052771962483
791,7.917917917917918,-275.683406078412,-64.15934553056317
792,7.927927927927928,-276.3259118885963,-64.2133394750827
793,7.937937937937938,-276.9689578014331,-64.26725906969179
794,7.947947947947948,-277.61254307316847,-64.3211043544791
795,7.957957957957958,-278.25666696047597,-64.3748753697362
796,7.967967967967968,-278.90132872045973,-64.42857215595677
797,7.977977977977978,-279.54652761065694,-64.48219475383571
798,7.987987987987988,-280.1922628890409,-64.53574320426841
799,7.997997997997998,-280.8385338140235,-64.58921754834988
800,8.008008008008009,-281.48533964445835,-64.64261782737391
801,8.018018018018019,-282.132679639643,-64.69594408283228
802,8.028028028028029,-282.7805530593224,-64.74919635641392
803,8.038038038038039,-283.4289591636911,-64.8023746900041
804,8.048048048048049,-284.0778972133962,-64.8554791256836
805,8.058058058058059,-284.7273664695404,-64.90850970572791
806,8.068068068068069,-285.3773661936842,-64.96146647260635
807,8.078078078078079,-286.02789564784916,-65.0143494689813
808,8.088088088088089,-286.6789540945206,-65.06715873770737
809,8.098098098098099,-287.33054079664987,-65.11989432183057
810,8.108108108108109,-287.98265501765803,-65.17255626458747
811,8.118118118118119,-288.6352960214377,-65.22514460940442
812,8.128128128128129,-289.28846307235636,-65.27765939989669
813,8.138138138138139,-289.9421554352591,-65.33010067986764
814,8.148148148148149,-290.5963723754711,-65.38246849330797
815,8.158158158158159,-291.2511131588007,-65.43476288439477
816,8.168168168168169,-291.90637705154194,-65.48698389749086
817,8.178178178178179,-292.5621633204775,-65.53913157714382
818,8.188188188188189,-293.2184712328815,-65.59120596808525
819,8.198198198198199,-293.87530005652184,-65.64320711522993
820,8.208208208208209,-294.53264905966375,-65.69513506367497
821,8.218218218218219,-295.1905175110717,-65.74698985869902
822,8.228228228228229,-295.8489046800128,-65.79877154576148
823,8.238238238238239,-296.50780983625936,-65.8504801705016
824,8.248248248248249,-297.1672322500915,-65.90211577873767
825,8.258258258258259,-297.82717119230017,-65.95367841646627
826,8.268268268268269,-298.48762592915205,-66.00516812985052
827,8.278278278278279,-299.1485956930775,-66.05658496515598
828,8.288288288288289,-299.8100797463296,-66.10792896888724
829,8.298298298298299,-300.47207735962985,-66.15920018774098
830,8.308308308308309,-301.13458780418665,-66.21039866858794
831,8.318318318318319,-301.7976103516977,-66.26152445847211
832,8.328328328328329,-302.4611442743526,-66.31257760460981
833,8.338338338338339,-303.1251888448353,-66.36355815438901
834,8.348348348348349,-303.78974333632664,-66.41446615536842
835,8.358358358358359,-304.45480702250666,-66.46530165527665
836,8.368368368368369,-305.12037917755754,-66.51606470201146
837,8.378378378378379,-305.78645907616544,-66.56675534363889
838,8.388388388388389,-306.4530459935236,-66.61737362839243
839,8.398398398398399,-307.12013920533457,-66.66791960467224
840,8.408408408408409,-307.7877379878127,-66.71839332104427
841,8.418418418418419,-308.4558416176867,-66.76879482623947
842,8.428428428428429,-309.1244493722021,-66.819124169153
843,8.438438438438439,-309.79356052912374,-66.8693813988433
844,8.448448448448449,-310.46317436673843,-66.91956656453142
845,8.458458458458459,-311.13329016385705,-66.96967971560007
846,8.468468468468469,-311.8039071998177,-67.01972090159282
847,8.478478478478479,-312.4750247544873,-67.06969017221334
848,8.488488488488489,-313.14664210826504,-67.11958757732452
849,8.498498498498499,-313.81875854208425,-67.16941316694766
850,8.508508508508509,-314.49137333741504,-67.21916699126167
851,8.518518518518519,-315.164485776267,-67.2688491006022
852,8.528528528528529,-315.8380951411913,-67.31845954546083
853,8.538538538538539,-316.5122007152836,-67.36799837648432
854,8.548548548548549,-317.1868017821864,-67.41746564447368
855,8.558558558558559,-317.8618976260914,-67.4668614003834
856,8.568568568568569,-318.53748753174216,-67.51618569532064
857,8.578578578578579,-319.2135707844366,-67.56543858054438
858,8.588588588588589,-319.89014667002937,-67.6146201074646
859,8.598598598598599,-320.5672144749344,-67.66373032764147
860,8.608608608608609,-321.24477348612754,-67.71276929278453
861,8.618618618618619,-321.92282299114885,-67.76173705475182
862,8.62862862862863,-322.6013622781053,-67.81063366554915
863,8.63863863863864,-323.2803906356729,-67.85945917732919
864,8.64864864864865,-323.9599073530998,-67.90821364239066
865,8.65865865865866,-324.63991172020826,-67.95689711317756
866,8.66866866866867,-325.32040302739733,-68.0055096422783
867,8.67867867867868,-326.0013805656453,-68.0540512824249
868,8.68868868868869,-326.68284362651247,-68.10252208649212
869,8.6986986986987,-327.3647915021432,-68.15092210749671
870,8.70870870870871,-328.0472234852688,-68.19925139859656
871,8.71871871871872,-328.7301388692096,-68.24751001308982
872,8.72872872872873,-329.4135369478781,-68.29569800441416
873,8.73873873873874,-330.0974170157807,-68.34381542614592
874,8.74874874874875,-330.781778368021,-68.39186233199925
875,8.75875875875876,-331.4666203003014,-68.43983877582535
876,8.76876876876877,-332.1519421089264,-68.48774481161156
877,8.77877877877878,-332.8377430908047,-68.53558049348065
878,8.78878878878879,-333.52402254345174,-68.58334587568991
879,8.7987987987988,-334.2107797649922,-68.63104101263035
880,8.80880880880881,-334.8980140541627,-68.67866595882587
881,8.81881881881882,-335.58572471031385,-68.7262207689325
882,8.82882882882883,-336.2739110334133,-68.77370549773747
883,8.83883883883884,-336.96257232404776,-68.82112020015845
884,8.84884884884885,-337.6517078834258,-68.86846493124276
885,8.85885885885886,-338.3413170133802,-68.91573974616647
886,8.86886886886887,-339.03139901637064,-68.9629447002336
887,8.87887887887888,-339.7219531954858,-69.01007984887536
888,8.88888888888889,-340.4129788544463,-69.05714524764926
889,8.8988988988989,-341.104475297607,-69.10414095223827
890,8.90890890890891,-341.79644182995946,-69.15106701845006
891,8.91891891891892,-342.48887775713456,-69.19792350221617
892,8.92892892892893,-343.18178238540474,-69.24471045959112
893,8.93893893893894,-343.87515502168696,-69.29142794675165
894,8.94894894894895,-344.5689949735447,-69.33807601999592
895,8.95895895895896,-345.26330154919077,-69.38465473574259
896,8.96896896896897,-345.95807405748974,-69.43116415053007
897,8.97897897897898,-346.6533118079604,-69.4776043210157
898,8.98898898898899,-347.34901411077817,-69.5239753039749
899,8.998998998999,-348.04518027677796,-69.57027715630034
900,9.00900900900901,-348.7418096174561,-69.61650993500115
901,9.01901901901902,-349.4389014449734,-69.66267369720208
902,9.02902902902903,-350.1364550721573,-69.70876850014265
903,9.03903903903904,-350.8344698125044,-69.75479440117641
904,9.04904904904905,-351.5329449801831,-69.80075145776999
905,9.05905905905906,-352.2318798900361,-69.84663972750239
906,9.06906906906907,-352.9312738575827,-69.89245926806412
907,9.07907907907908,-353.6311261990214,-69.93821013725635
908,9.08908908908909,-354.3314362312326,-69.9838923929901
909,9.0990990990991,-355.0322032717807,-70.02950609328546
910,9.10910910910911,-355.73342663891697,-70.07505129627073
911,9.11911911911912,-356.43510565158175,-70.12052806018156
912,9.12912912912913,-357.1372396294072,-70.1659364433602
913,9.13913913913914,-357.8398278927197,-70.21127650425463
914,9.14914914914915,-358.5428697625423,-70.25654830141778
915,9.15915915915916,-359.2463645605972,-70.30175189350663
916,9.16916916916917,-359.95031160930836,-70.34688733928148
917,9.17917917917918,-360.6547102308233,-70.39195469765514
918,9.18918918918919,-361.35955966385325,-70.43695403193962
919,9.1991991991992,-362.06485917413823,-70.4818854042035
920,9.20920920920921,-362.7706080812064,-70.52674887390447
921,9.21921921921922,-363.4768057051984,-70.57154450060453
922,9.22922922922923,-364.1834513668699,-70.6162723439693
923,9.23923923923924,-364.89054438759297,-70.6609324637671
924,9.24924924924925,-365.5980840893578,-70.70552491986824
925,9.25925925925926,-366.30606979477477,-70.75004977224421
926,9.26926926926927,-367.0145008270759,-70.79450708096695
927,9.27927927927928,-367.72337651011685,-70.83889690620796
928,9.28928928928929,-368.43269616837847,-70.8832193082376
929,9.2992992992993,-369.1424591269689,-70.92747434742428
930,9.30930930930931,-369.852664711625,-70.97166208423364
931,9.31931931931932,-370.5633122487142,-71.01578257922786
932,9.32932932932933,-371.2744010652366,-71.05983589306473
933,9.33933933933934,-371.98593048882617,-71.10382208649699
934,9.34934934934935,-372.697899847753,-71.1477412203715
935,9.35935935935936,-373.4103084709248,-71.19159335562844
936,9.36936936936937,-374.12315568788887,-71.2353785533005
937,9.37937937937938,-374.8364408288336,-71.27909687451222
938,9.38938938938939,-375.5501632245906,-71.32274838047903
939,9.3993993993994,-376.26432220663617,-71.36633313250657
940,9.40940940940941,-376.9789171070931,-71.40985119198992
941,9.41941941941942,-377.69394725873263,-71.45330262041271
942,9.42942942942943,-378.4094119949761,-71.49668747934649
943,9.43943943943944,-379.1253106498967,-71.54000583044976
944,9.44944944944945,-379.84164255822117,-71.58325773546736
945,9.45945945945946,-380.55840705533177,-71.62644325622955
946,9.46946946946947,-381.27560347726796,-71.66956245465131
947,9.47947947947948,-381.99323116072816,-71.71261539273151
948,9.48948948948949,-382.71128944307134,-71.75560213255213
949,9.4994994994995,-383.4297776623192,-71.79852273627748
950,9.50950950950951,-384.14869515715765,-71.84137726615344
951,9.51951951951952,-384.86804126693846,-71.88416578450665
952,9.52952952952953,-385.58781533168144,-71.92688835374366
953,9.53953953953954,-386.3080166920758,-71.96954503635031
954,9.54954954954955,-387.0286446894822,-72.01213589489075
955,9.55955955955956,-387.7496986659344,-72.05466099200677
956,9.56956956956957,-388.471177964141,-72.09712039041706
957,9.57957957957958,-389.1930819274873,-72.13951415291625
958,9.58958958958959,-389.91540990003705,-72.1818423423743
959,9.5995995995996,-390.6381612265341,-72.22410502173561
960,9.60960960960961,-391.3613352524044,-72.2663022540183
961,9.61961961961962,-392.08493132375753,-72.30843410231334
962,9.62962962962963,-392.80894878738866,-72.35050062978388
963,9.63963963963964,-393.5333869907801,-72.39250189966434
964,9.64964964964965,-394.2582452821034,-72.43443797525973
965,9.65965965965966,-394.98352301022084,-72.47630891994478
966,9.66966966966967,-395.70921952468717,-72.51811479716324
967,9.67967967967968,-396.43533417575173,-72.55985567042701
968,9.68968968968969,-397.1618663143598,-72.6015316033154
969,9.6996996996997,-397.88881529215473,-72.64314265947432
970,9.70970970970971,-398.6161804614793,-72.68468890261556
971,9.71971971971972,-399.343961175378,-72.72617039651591
972,9.72972972972973,-400.0721567875983,-72.76758720501641
973,9.73973973973974,-400.8007666525928,-72.80893939202163
974,9.74974974974975,-401.52979012552083,-72.85022702149875
975,9.75975975975976,-402.25922656225015,-72.89145015747692
976,9.76976976976977,-402.9890753193589,-72.93260886404637
977,9.77977977977978,-403.71933575413726,-72.97370320535767
978,9.78978978978979,-404.4500072245893,-73.0147332456209
979,9.7997997997998,-405.18108908943447,-73.05569904910496
980,9.80980980980981,-405.91258070810994,-73.09660068013667
981,9.81981981981982,-406.6444814407717,-73.13743820310006
982,9.82982982982983,-407.37679064829683,-73.17821168243557
983,9.83983983983984,-408.10950769228504,-73.21892118263922
984,9.84984984984985,-408.8426319350605,-73.2595667682619
985,9.85985985985986,-409.5761627396737,-73.30014850390852
986,9.86986986986987,-410.31009946990287,-73.34066645423722
987,9.87987987987988,-411.04444149025625,-73.3811206839587
988,9.88988988988989,-411.7791881659735,-73.42151125783525
989,9.8998998998999,-412.5143388630276,-73.4618382406801
990,9.90990990990991,-413.24989294812667,-73.50210169735661
991,9.91991991991992,-413.9858497887156,-73.54230169277744
992,9.92992992992993,-414.72220875297785,-73.58243829190381
993,9.93993993993994,-415.4589692098374,-73.62251155974471
994,9.94994994994995,-416.1961305289602,-73.66252156135606
995,9.95995995995996,-416.93369208075643,-73.70246836184
996,9.96996996996997,-417.6716532363816,-73.74235202634407
997,9.97997997997998,-418.41001336773894,-73.7821726200604
998,9.98998998998999,-419.14877184748076,-73.82193020822496
999,10.0,-419.88792804901055,-73.86162485611679
