,0,1,2,3,4
0,0.0,1.0,0.5,2.0,-0.3
1,0.01001001001001001,1.0200050258104476,0.5399801349339396,1.997001484551686,-0.29910178520679975
2,0.02002002002002002,1.039980074943617,0.5798405298188042,1.9940119372274092,-0.29820893637951534
3,0.03003003003003003,1.0599252531495116,0.6195818181981881,1.9910312948704911,-0.2973213969458716
4,0.04004004004004004,1.0798406239828058,0.6592043804287084,1.9880595196368585,-0.29643913310441555
5,0.05005005005005005,1.0997263044277568,0.6987089161086171,1.9850965420183917,-0.29556208290891006
6,0.06006006006006006,1.1195823246902916,0.7380956035313184,1.9821423446491944,-0.29469023146640816
7,0.07007007007007007,1.1394087942680304,0.7773650955929304,1.9791968629477126,-0.29382352170136933
8,0.08008008008008008,1.1592058131599272,0.8165179892825742,1.9762600377537376,-0.2929619011465017
9,0.09009009009009009,1.178973481364936,0.8555548815893711,1.97333180990706,-0.29210531733451317
10,0.1001001001001001,1.198711898882011,0.8944763695024421,1.9704121202474711,-0.2912537177981118
11,0.11011011011011011,1.2184211605686297,0.9332830184151476,1.9675009129447656,-0.29040705325942856
12,0.12012012012012012,1.238101326544284,0.9719751802465242,1.9645981546676554,-0.28956529598968506
13,0.13013013013013014,1.2577524759577163,1.0105533238555027,1.9617037997600864,-0.28872840645564635
14,0.14014014014014015,1.2773746936188135,1.0490179528902783,1.9588177988994246,-0.28789634161228744
15,0.15015015015015015,1.2969680643374624,1.0873695709990467,1.9559401027630365,-0.28706905841458336
16,0.16016016016016016,1.3165326729235503,1.1256086818300035,1.9530706620282876,-0.28624651381750893
17,0.17017017017017017,1.3360686018031875,1.163735772502895,1.9502094294292267,-0.2854286671577789
18,0.18018018018018017,1.3555759284950715,1.2017512961108232,1.947356361933936,-0.28461548267532777
19,0.19019019019019018,1.3750547348160447,1.239655735549039,1.9445114128021308,-0.28380692031561755
20,0.2002002002002002,1.3945051028280555,1.2774495754122877,1.9416745350820526,-0.28300293977921415
21,0.21021021021021022,1.4139271145930514,1.3151333002953147,1.9388456818219433,-0.2822035007666835
22,0.22022022022022023,1.4333208320237096,1.3527072556113824,1.9360248232591681,-0.28140858253298817
23,0.23023023023023023,1.4526863839571427,1.3901722490555972,1.9332118725385863,-0.2806180993844904
24,0.24024024024024024,1.4720238106034247,1.4275284761300693,1.9304068184118168,-0.27983205163802133
25,0.2502502502502503,1.4913331933316143,1.4647764166433996,1.9276096145181976,-0.2790503996665796
26,0.2602602602602603,1.5106146130548894,1.5019165472551799,1.924820214885974,-0.27827310428558577
27,0.2702702702702703,1.5298681502305465,1.5389493414759943,1.9220385739322987,-0.2775001267528826
28,0.2802802802802803,1.5490938845732125,1.5758752677158159,1.9192646466993497,-0.27673142902707937
29,0.2902902902902903,1.5682918904590968,1.6126947580098152,1.9164983926381025,-0.2759669779074912
30,0.3003003003003003,1.587462243778912,1.6494082546526783,1.9137397699661824,-0.2752067388608941
31,0.3103103103103103,1.606605021381318,1.686016206411217,1.9109887361260893,-0.27445067652288285
32,0.3203203203203203,1.6257202995344413,1.722519058054981,1.9082452490518589,-0.27369875608376265
33,0.3303303303303303,1.6448081539258768,1.7589172503562562,1.9055092671690614,-0.27295094328854874
34,0.34034034034034033,1.6638686596626862,1.795211220090067,1.9027807493948024,-0.27220720443696667
35,0.35035035035035034,1.6829018912713998,1.8314014000341736,1.900059655137722,-0.27146750638345224
36,0.36036036036036034,1.7019079226980147,1.8674882189690738,1.897345944297996,-0.2707318165371515
37,0.37037037037037035,1.7208868273079962,1.903472101678003,1.8946395772673355,-0.27000010286192067
38,0.38038038038038036,1.7398386778862769,1.9393534689469332,1.8919405149289856,-0.2692723338763263
39,0.39039039039039036,1.7587635466372573,1.9751327375645733,1.8892487186577274,-0.26854847865364523
40,0.4004004004004004,1.7776615051848055,2.01081032032237,1.8865641503198767,-0.2678285068218643
41,0.41041041041041043,1.7965326262188053,2.0463866378944524,1.883886770689427,-0.26711238657441844
42,0.42042042042042044,1.8153769847132502,2.0818621276262377,1.881216538276335,-0.2664000831985635
43,0.43043043043043044,1.8341946520887067,2.1172372014162795,1.8785534149417957,-0.2656915661279395
44,0.44044044044044045,1.852985699143482,2.152512266864803,1.8758973630786773,-0.26498680540130876
45,0.45045045045045046,1.8717501961965177,2.1876877283046925,1.8732483454740685,-0.26428577148992094
46,0.46046046046046046,1.8904882130873888,2.2227639868014903,1.8706063253092788,-0.2635884352975125
47,0.47047047047047047,1.9091998191763042,2.257741440153397,1.8679712661598382,-0.2628947681603072
48,0.4804804804804805,1.9278850833441077,2.292620482891272,1.8653431319954972,-0.26220474184701564
49,0.4904904904904905,1.9465440739922761,2.3274015062786324,1.8627218871802265,-0.26151832855883567
50,0.5005005005005005,1.9651768590429206,2.362084898311654,1.860107496472218,-0.2608355009294519
51,0.5105105105105106,1.9837835059387863,2.39667104371917,1.857499925023884,-0.2601562320250364
52,0.5205205205205206,2.0023640816432526,2.4311603239626733,1.8548991383818567,-0.25948049534424794
53,0.5305305305305306,2.020918652812795,2.4655531184441126,1.852305102327832,-0.2588082646262856
54,0.5405405405405406,2.039447289987345,2.499849833852013,1.8497177790114765,-0.2581395091871171
55,0.5505505505505506,2.0579500618471878,2.5340508639411112,1.8471371322504753,-0.2574742003114171
56,0.5605605605605606,2.076427035071648,2.568156588542705,1.844563127660944,-0.25681231140984595
57,0.5705705705705706,2.0948782759751863,2.602167385022631,1.8419957311475508,-0.2561538161981136
58,0.5805805805805806,2.113303850507398,2.636083628281264,1.8394349089035162,-0.25549868869697995
59,0.5905905905905906,2.1317038242530137,2.66990569075352,1.8368806274106135,-0.2548469032322547
60,0.6006006006006006,2.1500782624319,2.703633942408852,1.834332853439168,-0.25419843443479717
61,0.6106106106106106,2.168427229899057,2.7372687507512525,1.8317915540480585,-0.25355325724051675
62,0.6206206206206206,2.1867507911446222,2.770810480819254,1.8292566965847152,-0.2529113468903725
63,0.6306306306306306,2.2050490102938674,2.804259495185928,1.826728248685122,-0.2522726789303732
64,0.6406406406406406,2.2233219511071995,2.8376161539588836,1.824206178273814,-0.2516372292115776
65,0.6506506506506506,2.2415696769801614,2.87088081478027,1.8216904535638803,-0.25100497389009413
66,0.6606606606606606,2.2597922513801025,2.904053836187396,1.8191810425932007,-0.25037588880267414
67,0.6706706706706707,2.2779897383962755,2.9371355818462406,1.8166779126402288,-0.2497499486801204
68,0.6806806806806807,2.296162200827172,2.970126405831656,1.8141810322553027,-0.2491271298822424
69,0.6906906906906907,2.3143097010704254,3.003026659476017,1.8116903703155398,-0.2485074091253692
70,0.7007007007007007,2.3324323011901207,3.035836691887259,1.809205895953351,-0.247890763386098
71,0.7107107107107107,2.350530062916796,3.0685568499488722,1.8067275785564383,-0.2472771699012942
72,0.7207207207207207,2.3686030476474427,3.101187478319909,1.8042553877677967,-0.2466666061680913
73,0.7307307307307307,2.386651316445505,3.133728919434977,1.801789293485713,-0.24605904994389102
74,0.7407407407407407,2.404674930040879,3.1661815135042435,1.7993292658637665,-0.24545447924636327
75,0.7507507507507507,2.422673948829915,3.1985455985134337,1.7968752753108288,-0.2448528723534461
76,0.7607607607607607,2.4406484328754154,3.230821510223831,1.7944272924910631,-0.24425420780334572
77,0.7707707707707707,2.4585984419066356,3.263009582172277,1.791985288323926,-0.24365846439453653
78,0.7807807807807807,2.4765240295501405,3.2951101037312265,1.7895492397893242,-0.24306562842438917
79,0.7907907907907908,2.494425269594471,3.3271235110450155,1.7871191034989842,-0.24247566073451055
80,0.8008008008008008,2.5123022132816986,3.3590500765522373,1.784694858671518,-0.24188855029765327
81,0.8108108108108109,2.5301549195815847,3.390890129069827,1.7822764766692676,-0.2413042762322863
82,0.8208208208208209,2.5479834471356373,3.422643995228755,1.779863929104542,-0.24072281791050593
83,0.8308308308308309,2.565787854259534,3.4543119994916562,1.777457187837176,-0.24014415495499258
84,0.8408408408408409,2.5835681989455495,3.485894464170465,1.7750562249720898,-0.2395682672359679
85,0.8508508508508509,2.601324538864979,3.517391709444043,1.7726610128568487,-0.23899513486815152
86,0.8608608608608609,2.619056931370565,3.548804053375813,1.770271524079223,-0.238424738207718
87,0.8708708708708709,2.6367654334989234,3.58013181193139,1.7678877314647468,-0.23785705784925382
88,0.8808808808808809,2.654450101972966,3.611375298996211,1.7655096080742776,-0.23729207462271412
89,0.8908908908908909,2.672110993204328,3.642534826393169,1.7631371272015566,-0.23672976959037978
90,0.9009009009009009,2.689748163295793,3.6736107039002412,1.7607702623707677,-0.2361701240438142
91,0.9109109109109109,2.7073616683855843,3.7046032417255934,1.7584089870055457,-0.2356131191046528
92,0.9209209209209209,2.7249515652689604,3.7355127549760208,1.756053273831487,-0.2350587350040468
93,0.9309309309309309,2.7425179095575216,3.7663395504255757,1.7537030966450298,-0.23450695321548548
94,0.9409409409409409,2.760060756502415,3.7970839324332406,1.7513584295222109,-0.23395775550061038
95,0.950950950950951,2.777580161086903,3.8277462036085597,1.7490192467295895,-0.23341112380170845
96,0.960960960960961,2.795076178029729,3.858326664836033,1.7466855227209035,-0.23286704023757862
97,0.970970970970971,2.8125488617884855,3.888825615299512,1.744357232133724,-0.23232548709939824
98,0.980980980980981,2.829998266562979,3.919243352506597,1.742034349786111,-0.23178644684658953
99,0.990990990990991,2.8474244462985965,3.94958017231303,1.7397168506732683,-0.23124990210268612
100,1.001001001001001,2.8648274546896726,3.9798363689470913,1.737404709964199,-0.2307158356511995
101,1.011011011011011,2.882207345182854,4.010012235033995,1.7350979029983602,-0.23018423043148556
102,1.021021021021021,2.899564170980468,4.040108061620282,1.732796405282319,-0.229655069534611
103,1.031031031031031,2.9168979850438874,4.070124138198221,1.7305001924864072,-0.22912833619921996
104,1.0410410410410411,2.9342088400968973,4.100060752730198,1.728209240441377,-0.22860401380740028
105,1.0510510510510511,2.9514967886290613,4.129918191673115,1.7259235251350549,-0.2280820858805502
106,1.0610610610610611,2.9687618828990874,4.159696740002784,1.7236430227089987,-0.22756253607524476
107,1.0710710710710711,2.9860041749381945,4.189396681238322,1.7213677094551516,-0.22704534817910224
108,1.0810810810810811,3.003223716553479,4.219018297466549,1.7190975618124982,-0.22653050610665074
109,1.0910910910910911,3.0204205593312814,4.248561869366381,1.7168325563637186,-0.2260179938951946
110,1.1011011011011012,3.037594754471888,4.278027674856323,1.7145726700685473,-0.22550779607249608
111,1.1111111111111112,3.0547463529106342,4.30741599008001,1.7123178800951984,-0.2249998973930961
112,1.1211211211211212,3.0718754055199353,4.336727091052436,1.7100681635382111,-0.22449428239622646
113,1.1311311311311312,3.0889819629589823,4.365961252429842,1.7078234976307685,-0.22399093574043918
114,1.1411411411411412,3.106066075676897,4.395118747532381,1.705583859741648,-0.2234898421999405
115,1.1511511511511512,3.1231277939159,4.424199848366894,1.7033492273721567,-0.22299098666089465
116,1.1611611611611612,3.140167167714478,4.453204825649687,1.7011195781530646,-0.22249435411772736
117,1.1711711711711712,3.157184246910551,4.482133948829307,1.6988948898415375,-0.22199992966942966
118,1.1811811811811812,3.1741790811446444,4.510987486109318,1.6966751403180707,-0.2215076985158613
119,1.1911911911911912,3.1911517198630515,4.539765704471081,1.694460307583423,-0.22101764595405457
120,1.2012012012012012,3.2081022123210037,4.568468869696524,1.6922503697555495,-0.2205297573745178
121,1.2112112112112112,3.225030607585841,4.597097246390927,1.6900453050665363,-0.2200440182575391
122,1.2212212212212212,3.241936954540176,4.62565109800569,1.6878450918595318,-0.21956041416948993
123,1.2312312312312312,3.2588213018850642,4.654130686861118,1.685649708585683,-0.21907893075912874
124,1.2412412412412412,3.2756836981431716,4.682536274169188,1.683459133801067,-0.21859955375390458
125,1.2512512512512513,3.2925241916619425,4.710868120056333,1.6812733461636253,-0.21812226895626077
126,1.2612612612612613,3.309342830616767,4.739126483586221,1.6790923244300968,-0.21764706223993857
127,1.2712712712712713,3.3261396630141506,4.767311622782517,1.6769160474529525,-0.21717391954628076
128,1.2812812812812813,3.342914736557898,4.795423793672138,1.6747444943175256,-0.21670282705555666
129,1.2912912912912913,3.359668096930411,4.823463237995151,1.6725776461012414,-0.21623377338328928
130,1.3013013013013013,3.3763997905773073,4.851430203117326,1.6704154830237998,-0.21576674602271792
131,1.3113113113113113,3.3931098642864876,4.879324939020232,1.6682579848781667,-0.21530173188297105
132,1.3213213213213213,3.4097983646459897,4.907147694424541,1.6661051315856221,-0.21483871798211482
133,1.3313313313313313,3.4264653380456136,4.934898716801772,1.6639569031942754,-0.21437769144542948
134,1.3413413413413413,3.4431108306785423,4.96257825238602,1.6618132798775782,-0.21391863950368567
135,1.3513513513513513,3.4597348885429704,4.990186546185693,1.6596742419328392,-0.2134615494914208
136,1.3613613613613613,3.4763375574437236,5.01772384199525,1.6575397697797363,-0.21300640884521535
137,1.3713713713713713,3.492918882993886,5.045190382406934,1.655409843958832,-0.21255320510196937
138,1.3813813813813813,3.509478910616423,5.072586408822514,1.653284445130086,-0.2121019258971786
139,1.3913913913913913,3.5260176855458045,5.09991216146501,1.6511635540713694,-0.21165255896321106
140,1.4014014014014013,3.54253525282963,5.127167879390441,1.6490471516769778,-0.2112050921275832
141,1.4114114114114114,3.5590316573302534,5.154353800499552,1.6469352189561466,-0.2107595133112364
142,1.4214214214214214,3.5755069437264035,5.181470161549553,1.6448277370315625,-0.21031581052681325
143,1.4314314314314314,3.5919611565148126,5.208517198165857,1.6427246871378793,-0.20987397187693388
144,1.4414414414414414,3.6083943400118375,5.235495144853811,1.6406260506202304,-0.20943398555247236
145,1.4514514514514514,3.624806538355085,5.262404235010436,1.6385318089327428,-0.20899583983083306
146,1.4614614614614614,3.641197795505034,5.289244700936161,1.636441943637051,-0.20855952307422695
147,1.4714714714714714,3.6575681551486907,5.316016773008872,1.6343564365107803,-0.20812502389327758
148,1.4814814814814814,3.6739176605341166,5.34272067826695,1.6322752697336176,-0.20769233142727034
149,1.4914914914914914,3.690246354983842,5.369356644796946,1.6301984253113602,-0.20726143447877646
150,1.5015015015015014,3.706554281665674,5.395924899771767,1.6281258853335137,-0.20683232190143705
151,1.5115115115115114,3.722841483570359,5.422425669257564,1.6260576319986968,-0.20640498263866874
152,1.5215215215215214,3.73910800351295,5.448859178223219,1.6239936476134516,-0.20597940572238344
153,1.5315315315315314,3.755353884134162,5.4752256505498424,1.6219339145910494,-0.20555558027170756
154,1.5415415415415414,3.771579167901737,5.50152530904026,1.619878415450302,-0.20513349549170184
155,1.5515515515515514,3.787783897111805,5.527758375428502,1.6178271328143687,-0.20471314067208074
156,1.5615615615615615,3.803968113890245,5.553925070389295,1.6157800494095644,-0.20429450518593192
157,1.5715715715715717,3.8201318601940466,5.580025613547552,1.6137371480641691,-0.20387757848843585
158,1.5815815815815817,3.836275177812669,5.606060223487862,1.6116984117072364,-0.20346235011558528
159,1.5915915915915917,3.852398108369407,5.632029117763983,1.6096638233674014,-0.2030488096829048
160,1.6016016016016017,3.86850069332275,5.657932512908329,1.6076333661716895,-0.20263694688417042
161,1.6116116116116117,3.8845829739677407,5.683770624441462,1.605607023344325,-0.20222675149012892
162,1.6216216216216217,3.9006449914373422,5.709543666881585,1.6035847782055392,-0.2018182133472176
163,1.6316316316316317,3.9166867867037953,5.735251853754025,1.6015666141703797,-0.20141132237628367
164,1.6416416416416417,3.93270840057998,5.760895397600732,1.5995525147475183,-0.20100606857130374
165,1.6516516516516517,3.9487098737207793,5.786474509989765,1.5975424635380593,-0.20060244199810348
166,1.6616616616616617,3.9646912464578845,5.811989400251874,1.5955364444326103,-0.2002004330347092
167,1.6716716716716717,3.980652558923563,5.8374402764254825,1.5935344414643835,-0.19980003219248554
168,1.6816816816816818,3.9965938512371264,5.862827346680885,1.5915364385876554,-0.19940122984630687
169,1.6916916916916918,4.012515163359561,5.888150818208344,1.5895424198512393,-0.19900401644614615
170,1.7017017017017018,4.028416535094699,5.913410897226111,1.587552369397522,-0.19860838251607385
171,1.7117117117117118,4.04429800609039,5.938607788988448,1.5855662714615009,-0.19821431865325662
172,1.7217217217217218,4.060159615839664,5.963741697793644,1.5835841103698223,-0.1978218155269557
173,1.7317317317317318,4.076001403681906,5.9888128269920395,1.5816058705398184,-0.1974308638775259
174,1.7417417417417418,4.091823408804022,6.013821378994043,1.5796315364785454,-0.1970414545154138
175,1.7517517517517518,4.107625670241608,6.038767555278154,1.57766109278182,-0.1966535783201568
176,1.7617617617617618,4.123408226880121,6.063651556398979,1.5756945241332583,-0.19626722623938148
177,1.7717717717717718,4.139171117456047,6.088473581995256,1.5737318153033117,-0.1958823892878023
178,1.7817817817817818,4.1549143805580675,6.1132338307978715,1.5717729511483063,-0.19549905854622027
179,1.7917917917917918,4.170638054628235,6.137932500637883,1.5698179166094783,-0.19511722516052157
180,1.8018018018018018,4.186342177963133,6.162569788454537,1.5678666967120136,-0.19473688034067616
181,1.8118118118118118,4.202026788715055,6.18714589030329,1.565919276564084,-0.1943580153597364
182,1.8218218218218218,4.217691924893164,6.211661001363828,1.5639756413558845,-0.1939806215528357
183,1.8318318318318318,4.233337624364669,6.236115315948087,1.5620357763586725,-0.19360469031618718
184,1.8418418418418419,4.248963924836015,6.260509027380378,1.5600996669410505,-0.19323021312592892
185,1.8518518518518519,4.264570863616326,6.284842326483083,1.558167298773291,-0.19285718177334948
186,1.8618618618618619,4.280158478007209,6.309115404073348,1.5562386574907747,-0.19248558797770587
187,1.8718718718718719,4.295726805240132,6.333328450562575,1.5543137287481175,-0.19211542344861499
188,1.8818818818818819,4.311275882403967,6.357481655493009,1.5523924982817803,-0.19174667995820718
189,1.8918918918918919,4.32680574644595,6.381575207544395,1.5504749519092933,-0.19137934934033726
190,1.901901901901902,4.3423164341726315,6.405609294540622,1.5485610755284762,-0.1910134234897955
191,1.911911911911912,4.357807982250838,6.429584103456383,1.5466508551166605,-0.1906488943615185
192,1.921921921921922,4.37328042720862,6.453499820423821,1.5447442767299122,-0.1902857539698002
193,1.931931931931932,4.388733805436213,6.477356630739182,1.5428413265022534,-0.1899239943875029
194,1.941941941941942,4.4041681531869905,6.5011547188694685,1.5409419906448842,-0.1895636077452683
195,1.951951951951952,4.41958350657842,6.524894268459089,1.5390462554454054,-0.18920458623072825
196,1.961961961961962,4.4349799015930165,6.548575462336509,1.53715410726704,-0.18884692208771592
197,1.971971971971972,4.4503573740793,6.572198482520907,1.5352655325478555,-0.18849060761547673
198,1.981981981981982,4.465715959752752,6.595763510228821,1.533380517799985,-0.18813563516787932
199,1.991991991991992,4.481055694196766,6.619270725880803,1.5314990496088516,-0.18778199715262645
200,2.002002002002002,4.4963766128636085,6.6427203091080695,1.5296211146323877,-0.18742968603046606
201,2.012012012012012,4.511678751075368,6.666112438759155,1.5277466996002589,-0.18707869431440233
202,2.022022022022022,4.526962144024917,6.689447292906562,1.525875791313085,-0.18672901456890637
203,2.032032032032032,4.542226826714409,6.7127250483188785,1.5240083767132295,-0.18638063950052292
204,2.042042042042042,4.557472833863433,6.735945879673156,1.5221444429903648,-0.1860335620928883
205,2.052052052052052,4.57270020022823,6.759109962285511,1.5202839772159926,-0.1856877751401944
206,2.062062062062062,4.587908960451437,6.782217470823578,1.518426966515943,-0.18534327146768553
207,2.0720720720720722,4.6030991490487345,6.805268579190673,1.5165733980859954,-0.18500004395181094
208,2.0820820820820822,4.618270800409737,6.8282634605319386,1.5147232591911692,-0.18465808551952384
209,2.0920920920920922,4.63342394879889,6.851202287240477,1.5128765371650137,-0.18431738914758033
210,2.1021021021021022,4.648558628356366,6.87408523096349,1.5110332194089007,-0.18397794786183827
211,2.1121121121121122,4.663674873098959,6.896912462608413,1.509193293391314,-0.18363975473655617
212,2.1221221221221223,4.678772716920981,6.919684152349055,1.507356746647141,-0.18330280289369216
213,2.1321321321321323,4.693852193595153,6.942400469631736,1.5055235667769633,-0.18296708550220284
214,2.1421421421421423,4.708913336773508,6.965061583181424,1.5036937414463483,-0.18263259577734212
215,2.1521521521521523,4.723956179988276,6.9876676610078725,1.501867258385139,-0.18229932697996035
216,2.1621621621621623,4.738980756652792,7.010218870411754,1.500044105386745,-0.18196727241580296
217,2.1721721721721723,4.753987100062377,7.032715377990808,1.4982242703074353,-0.1816364254348095
218,2.1821821821821823,4.768975243395244,7.055157349645964,1.4964077410656267,-0.18130677943041262
219,2.1921921921921923,4.78394521971339,7.077544950587491,1.4945945056411756,-0.1809783278388368
220,2.2022022022022023,4.798897061963489,7.0998783453411285,1.4927845520746696,-0.18065106413839732
221,2.2122122122122123,4.813830802977789,7.1221576977542265,1.490977868466718,-0.18032498184879925
222,2.2222222222222223,4.82874647547501,7.1443831710018815,1.4891744429772424,-0.18000007453043626
223,2.2322322322322323,4.843644112061234,7.166554927593073,1.4873742638247673,-0.17967633578368958
224,2.2422422422422423,4.858523745230803,7.188673129376805,1.4855773192857125,-0.17935375924822683
225,2.2522522522522523,4.873385407367215,7.210737937548239,1.4837835976936817,-0.17903233860230108
226,2.2622622622622623,4.888229130744016,7.232749512654833,1.4819930874387557,-0.17871206756204955
227,2.2722722722722724,4.9030549475257015,7.25470801460248,1.4802057769667822,-0.17839293988079266
228,2.2822822822822824,4.917862889768603,7.2766136026616435,1.4784216547786666,-0.17807494934833293
229,2.2922922922922924,4.932652989319109,7.298466434708192,1.4766407095321068,-0.17775808990931838
230,2.3023023023023024,4.94742527742906,7.320266664356404,1.4748629304254812,-0.17744235610953857
231,2.3123123123123124,4.9621797856506875,7.342014447628498,1.473088306305179,-0.17712774205854445
232,2.3223223223223224,4.9769165455029825,7.363709940467489,1.4713168259986396,-0.1768142418168473
233,2.3323323323323324,4.991635588394554,7.385353298161724,1.4695484783914992,-0.1765018494857027
234,2.3423423423423424,5.006336945624363,7.406944675349821,1.4677832524270402,-0.17619055920659552
235,2.3523523523523524,5.021020648382457,7.42848422602561,1.466021137105643,-0.17588036516072497
236,2.3623623623623624,5.035686727750709,7.449972103543077,1.464262121484237,-0.17557126156848957
237,2.3723723723723724,5.050335214703543,7.471408460621301,1.4625061946757514,-0.17526324268897206
238,2.3823823823823824,5.064966140108682,7.492793449349399,1.460753345848566,-0.17495630281942454
239,2.3923923923923924,5.079579534727869,7.514127221191468,1.4590035642259631,-0.17465043629475335
240,2.4024024024024024,5.0941754292176125,7.5354099269915205,1.4572568390855773,-0.17434563748700402
241,2.4124124124124124,5.108753854129915,7.556641716978432,1.4555131597588475,-0.1740419008048464
242,2.4224224224224224,5.12331483991301,7.577822740770881,1.4537725156304675,-0.1737392206930596
243,2.4324324324324325,5.137858416912096,7.5989531473822876,1.4520348961378369,-0.17343759163201686
244,2.4424424424424425,5.152384615370074,7.620033085225757,1.4503002907705123,-0.1731370081371707
245,2.4524524524524525,5.166893465428275,7.641062702119021,1.4485686890696583,-0.1728374647585378
246,2.4624624624624625,5.181384997127206,7.662042145289378,1.4468400806274986,-0.17253895608018416
247,2.4724724724724725,5.195859240407274,7.682971561378635,1.4451144550867665,-0.17224147671970974
248,2.4824824824824825,5.210316225109527,7.703851096448051,1.443391802140157,-0.1719450213277339
249,2.4924924924924925,5.224755980976387,7.724680895983271,1.4416721115297764,-0.17164958458738006
250,2.5025025025025025,5.239178537652383,7.745461104899279,1.4399553730465944,-0.17135516121376076
251,2.5125125125125125,5.25358392468489,7.76619186754533,1.4382415765298948,-0.17106174595346274
252,2.5225225225225225,5.267972171524861,7.786873327709892,1.436530711866726,-0.1707693335840319
253,2.5325325325325325,5.28234330752756,7.807505628625593,1.4348227689913535,-0.17047791891345818
254,2.5425425425425425,5.296697361953299,7.828088912974159,1.4331177378847086,-0.17018749677966072
255,2.5525525525525525,5.311034363925607,7.8486233225856425,1.4314156086120247,-0.1698980620924784
256,2.5625625625625625,5.325354342069579,7.869108995840849,1.4297163716473382,-0.16960961019500967
257,2.5725725725725725,5.339657325178861,7.88954607246108,1.4280200172753243,-0.1693221361978178
258,2.5825825825825826,5.353943342052956,7.90993469233938,1.4263265357373403,-0.16903563514160708
259,2.5925925925925926,5.368212421394858,7.930274994805018,1.4246359173233585,-0.168750102099661
260,2.6026026026026026,5.382464591811657,7.9505671186275215,1.4229481523715317,-0.1684655321774529
261,2.6126126126126126,5.396699881815151,7.970811202020721,1.4212632312677564,-0.16818192051225658
262,2.6226226226226226,5.410918319822452,7.991007382646784,1.4195811444452364,-0.1678992622727569
263,2.6326326326326326,5.425119934156597,8.011155797620253,1.4179018823840464,-0.1676175526586603
264,2.6426426426426426,5.439304753047157,8.031256583512084,1.4162254356106967,-0.16733678690030548
265,2.6526526526526526,5.453472804630846,8.051309876353685,1.4145517946976962,-0.16705696025827402
266,2.6626626626626626,5.46762411695213,8.071315811640952,1.4128809502631172,-0.1667780680230008
267,2.6726726726726726,5.481758717963832,8.091274524338312,1.4112128929701582,-0.1665001055143848
268,2.6826826826826826,5.495876635527748,8.111186148882753,1.4095476135267082,-0.16622306808139958
269,2.6926926926926926,5.509977897415251,8.131050819187871,1.4078851026849106,-0.16594695110170393
270,2.7027027027027026,5.524062531307902,8.1508686686479,1.406225351240727,-0.16567174998125236
271,2.7127127127127126,5.538130564798059,8.170639830141754,1.4045683500335013,-0.1653974601539059
272,2.7227227227227226,5.552182025389482,8.190364436037065,1.402914089945523,-0.16512407708104246
273,2.7327327327327327,5.566216940497949,8.210042618194215,1.4012625619015913,-0.16485159625116758
274,2.7427427427427427,5.580235337451859,8.229674507970389,1.399613756868579,-0.16458001317952495
275,2.7527527527527527,5.594237243492845,8.249260236223593,1.3979676658549964,-0.1643093234077071
276,2.7627627627627627,5.608222685776379,8.268799933316707,1.3963242799105549,-0.1640395225032658
277,2.7727727727727727,5.622191691372385,8.288293729121518,1.394683590125731,-0.16377060605932298
278,2.7827827827827827,5.636144287265846,8.307741753022757,1.3930455876313306,-0.1635025696941809
279,2.7927927927927927,5.650080500357411,8.327144133922136,1.3914102635980516,-0.16323540905093314
280,2.8028028028028027,5.664000357464008,8.346501000242391,1.3897776092360492,-0.16296911979707498
281,2.8128128128128127,5.677903885306292,8.365812479836142,1.3881476158063863,-0.1627036976366127
282,2.8228228228228227,5.6917911102140675,8.385078697855167,1.3865202748872625,-0.16243913859003412
283,2.8328328328328327,5.705662058569888,8.404299779958114,1.3848955779733905,-0.16217543857317976
284,2.8428428428428427,5.7195167567930785,8.423475852194608,1.3832735164905439,-0.16191259341260364
285,2.8528528528528527,5.733355231218189,8.442607040125871,1.381654081905471,-0.1616505989612042
286,2.8628628628628627,5.747177508095508,8.461693468828038,1.3800372657255495,-0.1613894510979286
287,2.8728728728728727,5.760983613591569,8.480735262895486,1.3784230594984375,-0.1611291457274772
288,2.8828828828828827,5.774773573789666,8.499732546444157,1.3768114548117287,-0.16086967878000788
289,2.8928928928928928,5.788547414690358,8.51868544311488,1.3752024432926044,-0.16061104621084057
290,2.9029029029029028,5.802305162211982,8.537594076076694,1.373596016607486,-0.1603532440001616
291,2.9129129129129128,5.816046842191161,8.556458568030171,1.3719921664616899,-0.16009626815272812
292,2.9229229229229228,5.829772480383319,8.575279041210749,1.3703908845990784,-0.15984011469757253
293,2.932932932932933,5.843482102463187,8.594055617392035,1.3687921628017148,-0.15958477968770693
294,2.942942942942943,5.857175734025313,8.612788417889155,1.367195992889515,-0.15933025919982746
295,2.952952952952953,5.870853400584574,8.63147756356205,1.365602366719901,-0.1590765493340188
296,2.962962962962963,5.884515127576687,8.650123174818829,1.364011276187455,-0.15882364621345849
297,2.972972972972973,5.898160940358717,8.66872537161906,1.3624227132235707,-0.1585715459841215
298,2.982982982982983,5.911790864209586,8.687284273477124,1.3608366697961072,-0.15832024481448442
299,2.992992992992993,5.92540492433059,8.705799999465516,1.3592531379090431,-0.15806973889523018
300,3.003003003003003,5.939003145845899,8.724272668218182,1.3576721096021276,-0.15782002443895213
301,3.013013013013013,5.952585553803076,8.742702397933838,1.3560935769505353,-0.15757109767985872
302,3.023023023023023,5.966152173173582,8.76108930637929,1.3545175320645184,-0.1573229548734778
303,3.033033033033033,5.97970302885329,8.779433510892767,1.3529439670890597,-0.15707559229636106
304,3.043043043043043,5.993238145662991,8.797735128387234,1.3513728742035267,-0.1568290062457884
305,3.053053053053053,6.006757548348906,8.81599427535372,1.349804245621323,-0.1565831930394725
306,3.063063063063063,6.0202612615832,8.834211067864643,1.348238073589543,-0.156338149015263
307,3.073073073073073,6.033749309962551,8.852385621564075,1.346674350390181,-0.1560938705323896
308,3.083083083083083,6.047221717773042,8.870518050079028,1.3451130685295818,-0.15585035415873177
309,3.093093093093093,6.060678509262006,8.888608466856102,1.3435542205195308,-0.15560759645453034
310,3.103103103103103,6.074119708750889,8.90665698592395,1.3419977987864042,-0.15536559388265397
311,3.113113113113113,6.0875453404860655,8.924663720885153,1.3404437957914048,-0.15512434292746743
312,3.123123123123123,6.100955428639263,8.942628784918954,1.3388922040302844,-0.1548838400946049
313,3.1331331331331334,6.114349997307982,8.960552290784003,1.3373430160330657,-0.15464408191074291
314,3.1431431431431434,6.127729070515923,8.9784343508211,1.3357962243637664,-0.1544050649233735
315,3.1531531531531534,6.141092672213411,8.996275076955927,1.3342518216201198,-0.15416678570057726
316,3.1631631631631634,6.154440826277814,9.014074580701797,1.3327098004332991,-0.15392924083079645
317,3.1731731731731734,6.167773556513977,9.031832973162395,1.331170153467639,-0.1536924269226081
318,3.1831831831831834,6.1810908866546335,9.049550365034511,1.3296328734203584,-0.153456340604497
319,3.1931931931931934,6.194392840360839,9.067226866610788,1.3280979530212838,-0.15322097852462893
320,3.2032032032032034,6.2076794412223935,9.084862587782458,1.3265653850325698,-0.15298633735062364
321,3.2132132132132134,6.22095071275826,9.102457638042086,1.3250351622484247,-0.15275241376932802
322,3.2232232232232234,6.234206678416992,9.120012126486309,1.32350727749483,-0.15251920448658907
323,3.2332332332332334,6.247447361577161,9.137526161818576,1.3219817236292652,-0.1522867062270271
324,3.2432432432432434,6.260672785547773,9.154999852351892,1.3204584935404295,-0.15205491573380883
325,3.2532532532532534,6.273882973568699,9.172433306011554,1.3189375801479637,-0.1518238297684203
326,3.2632632632632634,6.287077948811095,9.189826630337892,1.3174189764021744,-0.15159344511044012
327,3.2732732732732734,6.300257734377826,9.20717993248902,1.315902675283755,-0.15136375855731263
328,3.2832832832832834,6.313422353303894,9.224493319243559,1.3143886698035094,-0.1511347669241207
329,3.2932932932932935,6.326571828556855,9.241766897003393,1.3128769530020736,-0.1509064670433591
330,3.3033033033033035,6.33970618303725,9.2590007717964,1.3113675179496391,-0.15067885576470746
331,3.3133133133133135,6.352825439579025,9.276195049279199,1.3098603577456749,-0.15045192995480333
332,3.3233233233233235,6.365929620949955,9.293349834739885,1.3083554655186505,-0.1502256864970154
333,3.3333333333333335,6.379018749852069,9.31046523310078,1.3068528344257582,-0.15000012229121637
334,3.3433433433433435,6.392092848786374,9.32754134796507,1.3053524577633784,-0.14977523436094647
335,3.3533533533533535,6.4051519401377695,9.344578282214833,1.303854328897852,-0.14955101978632399
336,3.3633633633633635,6.418196046369868,9.361576139383457,1.302358441106554,-0.14932747554997158
337,3.3733733733733735,6.431225189879881,9.378535022632947,1.3008647876963921,-0.14910459865196904
338,3.3833833833833835,6.444239392998719,9.395455034754379,1.299373362003793,-0.14888238610988364
339,3.3933933933933935,6.457238677991348,9.412336278170187,1.2978841573944777,-0.1486608349585933
340,3.4034034034034035,6.4702230670571526,9.42917885493646,1.296397167263235,-0.14843994225011015
341,3.4134134134134135,6.483192582330295,9.445982866745238,1.2949123850336974,-0.14821970505340354
342,3.4234234234234235,6.496147245880079,9.462748414926804,1.2934298041581136,-0.14800012045422356
343,3.4334334334334335,6.5090870797113025,9.47947560045197,1.2919494181171247,-0.14778118555492425
344,3.4434434434434436,6.522012105764629,9.496164523934386,1.2904712204195368,-0.14756289747428694
345,3.4534534534534536,6.53492234591694,9.512815285632822,1.2889952046020965,-0.14734525334734355
346,3.4634634634634636,6.547817821981696,9.529427985453461,1.2875213642292649,-0.1471282503251999
347,3.4734734734734736,6.560698555709301,9.546002722952199,1.2860496928929923,-0.14691188557485907
348,3.4834834834834836,6.57356456878746,9.562539597336938,1.284580184212492,-0.1466961562790445
349,3.4934934934934936,6.586415882841539,9.579038707469874,1.2831128318340146,-0.14648105963602365
350,3.5035035035035036,6.599252519434928,9.595500151869793,1.281647629430623,-0.14626659285943097
351,3.5135135135135136,6.612074500069399,9.611924028714368,1.2801845707019666,-0.14605275317809135
352,3.5235235235235236,6.6248818461854695,9.628310435842447,1.278723649374055,-0.14583953783584355
353,3.5335335335335336,6.637674579162757,9.644659470756354,1.2772648591990334,-0.1456269440913632
354,3.5435435435435436,6.650452720320349,9.660971230624174,1.2758081939549557,-0.14541496921798644
355,3.5535535535535536,6.663216290917151,9.677245812282052,1.2743536474455603,-0.145203610503533
356,3.5635635635635636,6.67596531215226,9.693483312236486,1.2729012135000435,-0.14499286525012958
357,3.5735735735735736,6.688699805165316,9.709683826666618,1.2714508859728333,-0.1447827307740332
358,3.5835835835835836,6.701419791036866,9.72584745142653,1.2700026587433655,-0.14457320440545446
359,3.5935935935935936,6.714125290788721,9.741974282047538,1.2685565257158566,-0.1443642834883808
360,3.6036036036036037,6.726816325269909,9.75806441295543,1.267112480906761,-0.14415596546164203
361,3.6136136136136137,6.739492915140355,9.77411793735834,1.2656705184573245,-0.14394824787057475
362,3.6236236236236237,6.752155081203337,9.790134949527728,1.264230632378854,-0.14374112813103287
363,3.6336336336336337,6.7648028442087735,9.806115543448435,1.2627928167035216,-0.1435346036691489
364,3.6436436436436437,6.777436224847794,9.822059812781239,1.261357065488579,-0.14332867192526977
365,3.6536536536536537,6.790055243753061,9.83796785086491,1.2599233728161572,-0.14312333035380478
366,3.6636636636636637,6.802659921499095,9.853839750718265,1.258491732793067,-0.14291857642307362
367,3.6736736736736737,6.815250278602606,9.869675605042218,1.2570621395506016,-0.14271440761515433
368,3.6836836836836837,6.827826335522811,9.885475506221846,1.255634587244337,-0.1425108214257313
369,3.6936936936936937,6.84038811266177,9.90123954632843,1.2542090700539326,-0.14230781536394335
370,3.7037037037037037,6.8529356303646995,9.91696781712152,1.252785582182932,-0.14210538695223165
371,3.7137137137137137,6.865468908920309,9.93266041005099,1.251364117858565,-0.14190353372618777
372,3.7237237237237237,6.87798796856112,9.948317416259087,1.2499446713315483,-0.1417022532344016
373,3.7337337337337337,6.890492829463795,9.963938926582488,1.2485272368758855,-0.1415015430383095
374,3.7437437437437437,6.9029835117494605,9.979525031554358,1.2471118087886697,-0.1413014007120421
375,3.7537537537537538,6.915460035484037,9.9950758214064,1.2456983813898828,-0.14110182384227252
376,3.7637637637637638,6.927922420678559,10.010591386070919,1.2442869490221982,-0.14090281002806418
377,3.7737737737737738,6.940370687289505,10.026071815182863,1.2428775060507806,-0.14070435688071892
378,3.7837837837837838,6.952804855219122,10.041517198081891,1.2414700468630875,-0.1405064620236249
379,3.793793793793794,6.96522494431575,10.05692762381442,1.2400645658686704,-0.1403091230921048
380,3.803803803803804,6.97763097437415,10.072303181135688,1.238661057498975,-0.14011233773326354
381,3.813813813813814,6.990022965135826,10.087643958511794,1.237259516207143,-0.13991610360583648
382,3.823823823823824,7.002400936289356,10.10295004412177,1.235859936467813,-0.13972041838003738
383,3.833833833833834,7.014764907470713,10.118221525859626,1.2344623127769208,-0.13952527973740633
384,3.843843843843844,7.0271148982635925,10.133458491336409,1.233066639651502,-0.1393306853706579
385,3.853853853853854,7.039450928199739,10.148661027882255,1.2316729116294907,-0.13913663298352896
386,3.863863863863864,7.051773016759268,10.163829222548447,1.2302811232695228,-0.1389431202906268
387,3.873873873873874,7.064081183370998,10.178963162109463,1.2288912691507354,-0.1387501450172771
388,3.883883883883884,7.0763754474127705,10.194062933065045,1.2275033438725687,-0.1385577048993719
389,3.893893893893894,7.088655828211779,10.209128621642238,1.2261173420545666,-0.13836579768321766
390,3.903903903903904,7.100922345044893,10.224160313797455,1.2247332583361774,-0.13817442112538325
391,3.913913913913914,7.113175017138983,10.239158095218531,1.2233510873765558,-0.13798357299254785
392,3.923923923923924,7.125413863671248,10.254122051326771,1.2219708238543632,-0.13779325106134913
393,3.933933933933934,7.137638903769311,10.269052267277472,1.2205924624677411,-0.13760345311838357
394,3.943943943943944,7.149850156173715,10.283948825712333,1.2192159981851873,-0.13741417718196938
395,3.953953953953954,7.162047639563065,10.298811808924512,1.217841426003952,-0.13722542128862705
396,3.963963963963964,7.174231372846896,10.31364130080876,1.216468740732418,-0.13703718330075654
397,3.973973973973974,7.186401374883319,10.328437384981049,1.2150979371999937,-0.136849461092179
398,3.983983983983984,7.198557664479275,10.343200144780193,1.2137290102569636,-0.13666225254802694
399,3.993993993993994,7.210700260390801,10.357929663269479,1.2123619547743365,-0.13647555556463442
400,4.004004004004004,7.222829181323293,10.372626023238292,1.2109967656436937,-0.13628936804942726
401,4.014014014014014,7.234944445931763,10.38728930720374,1.2096334377770386,-0.1361036879208131
402,4.024024024024024,7.247046072821105,10.401919597412293,1.2082719661066443,-0.1359185131080717
403,4.034034034034034,7.259134080546351,10.416516975841393,1.2069123455849038,-0.13573384155124502
404,4.044044044044044,7.271208487612942,10.4310815242011,1.2055545711841769,-0.13554967120102746
405,4.054054054054054,7.283269312476977,10.4456133239357,1.2041986378966407,-0.13536600001865598
406,4.064064064064064,7.295316573545485,10.46011245622535,1.202844540734137,-0.13518282597580028
407,4.074074074074074,7.3073502891766795,10.474579001987694,1.2014922747280223,-0.13500014705445307
408,4.084084084084084,7.319370477680224,10.489013041879499,1.200141834929015,-0.13481796124682002
409,4.094094094094094,7.331377157317495,10.503414656298274,1.198793216407045,-0.13463626655521022
410,4.104104104104104,7.3433703463018345,10.517783925383899,1.1974464142511028,-0.13445506099192614
411,4.114114114114114,7.3553500627988235,10.532120929020262,1.1961014235690872,-0.13427434257915385
412,4.124124124124124,7.367316324926536,10.546425746836873,1.194758239487655,-0.13409410934885327
413,4.134134134134134,7.379269150755801,10.560698458210501,1.193416857152069,-0.13391435934264823
414,4.1441441441441444,7.391208558310466,10.574939142266794,1.1920772717260468,-0.13373509061171676
415,4.1541541541541545,7.403134565567659,10.589147877881917,1.1907394783916103,-0.13355630121668116
416,4.1641641641641645,7.415047190458047,10.603324743684167,1.1894034723489335,-0.13337798922749827
417,4.1741741741741745,7.426946450866098,10.617469818055609,1.1880692488161915,-0.13320015272334948
418,4.1841841841841845,7.438832364630349,10.6315831791337,1.1867368030294094,-0.13302278979253115
419,4.1941941941941945,7.450704949543654,10.64566490481292,1.1854061302423111,-0.13284589853234455
420,4.2042042042042045,7.462564223353462,10.65971507274639,1.1840772257261676,-0.13266947704898616
421,4.2142142142142145,7.474410203762064,10.673733760347513,1.1827500847696457,-0.1324935234574378
422,4.2242242242242245,7.486242908426864,10.687721044791594,1.1814247026786573,-0.1323180358813569
423,4.2342342342342345,7.498062354960635,10.701677003017462,1.1801010747762082,-0.13214301245296645
424,4.2442442442442445,7.509868560931784,10.71560171172911,1.1787791964022454,-0.1319684513129454
425,4.2542542542542545,7.52166154386461,10.729495247397313,1.1774590629135078,-0.13179435061031872
426,4.2642642642642645,7.533441321239571,10.743357686261259,1.1761406696833732,-0.13162070850234764
427,4.2742742742742745,7.545207910481375,10.757189104247534,1.174824012110275,-0.13144752316185926
428,4.2842842842842845,7.556961328685025,10.77098957510866,1.17350908581068,-0.1312747929448566
429,4.2942942942942945,7.568701593037425,10.784759173287407,1.1721958863221889,-0.1311025161327034
430,4.3043043043043046,7.580428720797204,10.798497973779536,1.1708844091177806,-0.13093069094451637
431,4.314314314314315,7.592142729178167,10.812206051341835,1.1695746496879271,-0.130759315608497
432,4.324324324324325,7.6038436353495165,10.825883480493445,1.1682666035404727,-0.13058838836184794
433,4.334334334334335,7.615531456436069,10.839530335517205,1.1669602662005116,-0.13041790745068993
434,4.344344344344345,7.627206209518475,10.853146690460976,1.165655633210269,-0.13024787112997804
435,4.354354354354355,7.638867911633433,10.86673261913898,1.1643527001289784,-0.13007827766341842
436,4.364364364364365,7.650516579773915,10.880288195133138,1.1630514625327621,-0.12990912532338486
437,4.374374374374375,7.662152230889376,10.893813491794395,1.1617519160145102,-0.12974041239083545
438,4.384384384384385,7.67377488188598,10.907308582244056,1.1604540561837586,-0.12957213715522892
439,4.394394394394395,7.685384549626816,10.92077353937513,1.1591578786665693,-0.12940429791444155
440,4.404404404404405,7.696981250932112,10.934208435853652,1.1578633791054094,-0.1292368929746835
441,4.414414414414415,7.708565002579459,10.947613344120022,1.1565705531590291,-0.1290699206504155
442,4.424424424424425,7.720135821304029,10.960988336390338,1.1552793965023431,-0.12890337926426546
443,4.434434434434435,7.731693723798788,10.974333484657734,1.153989904826307,-0.12873726714694492
444,4.444444444444445,7.7432387267147185,10.98764886069371,1.1527020738377982,-0.12857158263716578
445,4.454454454454455,7.75477084666104,11.000934536049465,1.1514158992594952,-0.12840632408155683
446,4.464464464464465,7.76629010020542,11.014190582057234,1.1501313768297554,-0.12824148983458036
447,4.474474474474475,7.7777965038742,11.027417069831623,1.1488485023024955,-0.1280770782584486
448,4.484484484484485,7.789290074152609,11.040614070270939,1.1475672714470693,-0.12791308772304055
449,4.494494494494495,7.800770827484983,11.053781654058527,1.1462876800481485,-0.12774951660581832
450,4.504504504504505,7.812238780274985,11.066919891664103,1.145009723905601,-0.12758636329174391
451,4.514514514514515,7.823693948885821,11.08002885334509,1.143733398834369,-0.1274236261731956
452,4.524524524524525,7.83513634964046,11.093108609147947,1.14245870066435,-0.12726130364988478
453,4.534534534534535,7.846565998821849,11.106159228909513,1.141185625240275,-0.12709939412877225
454,4.544544544544545,7.857982912673136,11.119180782258328,1.1399141684215874,-0.12693789602398503
455,4.554554554554555,7.869387107397887,11.132173338615976,1.138644326082323,-0.1267768077567328
456,4.564564564564565,7.8807785991603,11.145136967198418,1.1373760941109874,-0.12661612775522466
457,4.574574574574575,7.892157404085431,11.158071737017323,1.1361094684104376,-0.1264558544545854
458,4.584584584584585,7.903523538259404,11.170977716881406,1.134844444897759,-0.12629598629677247
459,4.594594594594595,7.914877017729635,11.183854975397757,1.1335810195041458,-0.12613652173049222
460,4.604604604604605,7.9262178585050505,11.196703580973182,1.1323191881747794,-0.12597745921111675
461,4.614614614614615,7.937546076520076,11.209523601574189,1.1310589468938734,-0.12581879722096856
462,4.624624624624625,7.948861687430846,11.222315103369239,1.1298002918262655,-0.12566053438393757
463,4.634634634634635,7.960164707042293,11.235078153573806,1.1285432190207783,-0.12550266922540057
464,4.644644644644645,7.9714551511703995,11.247812819532687,1.1272877245059252,-0.12534520024969883
465,4.654654654654655,7.982733035591843,11.260519168384366,1.1260338043249267,-0.12518812596849369
466,4.664664664664665,7.99399837604418,11.273197267062109,1.1247814545356152,-0.12503144490070325
467,4.674674674674675,8.005251188226026,11.285847182295054,1.123530671210337,-0.12487515557243935
468,4.684684684684685,8.016491487797236,11.298468980609314,1.1222814504358585,-0.12471925651694403
469,4.694694694694695,8.02771929037909,11.311062728329066,1.1210337883132688,-0.12456374627452649
470,4.704704704704705,8.038934611554476,11.323628491577649,1.119787680957885,-0.12440862339249976
471,4.714714714714715,8.050137466868069,11.33616633627866,1.118543124499155,-0.12425388642511746
472,4.724724724724725,8.061327871826517,11.348676328157044,1.117300115080562,-0.12409953393351053
473,4.734734734734735,8.07250584189862,11.361158532740193,1.116058648859529,-0.12394556448562402
474,4.744744744744745,8.083671392515514,11.373613015359046,1.1148187220073225,-0.12379197665615382
475,4.754754754754755,8.094824539070858,11.386039841149172,1.1135803307089562,-0.12363876902648338
476,4.764764764764765,8.105965296921006,11.398439075051877,1.112343471163096,-0.12348594018462053
477,4.774774774774775,8.1170936813852,11.410810781815291,1.1111081395819626,-0.12333348872513415
478,4.784784784784785,8.128209707745745,11.423155025995468,1.1098743321912372,-0.123181413249091
479,4.794794794794795,8.139313391248196,11.435471871957478,1.1086420452299646,-0.12302971236399238
480,4.804804804804805,8.150404747101542,11.447761383876504,1.1074112749504565,-0.12287838468371096
481,4.814814814814815,8.161483790478377,11.460023625738938,1.1061820176181978,-0.12272742882842749
482,4.824824824824825,8.172550536515098,11.472258661343472,1.1049542695117485,-0.12257684342456758
483,4.834834834834835,8.18360500031208,11.484466554302198,1.1037280269226484,-0.12242662710473838
484,4.844844844844845,8.194647196933854,11.496647368041698,1.1025032861553217,-0.12227677850766541
485,4.854854854854855,8.205677141409295,11.508801165804146,1.1012800435269807,-0.1221272962781293
486,4.864864864864865,8.216694848731809,11.520928010648396,1.1000582953675293,-0.12197817906690245
487,4.874874874874875,8.227700333859502,11.53302796545108,1.098838038019468,-0.12182942553068592
488,4.884884884884885,8.238693611715378,11.545101092907707,1.0976192678377972,-0.12168103433204605
489,4.894894894894895,8.249674697187507,11.55714745553375,1.0964019811899217,-0.12153300413935132
490,4.904904904904905,8.260643605129218,11.569167115665747,1.0951861744555547,-0.12138533362670903
491,4.914914914914915,8.271600350359277,11.581160135462397,1.093971844026621,-0.12123802147390202
492,4.924924924924925,8.282544947662071,11.593126576905652,1.092758986307163,-0.12109106636632554
493,4.934934934934935,8.293477411787785,11.605066501801808,1.0915475977132425,-0.12094446699492387
494,4.944944944944945,8.304397757452596,11.61697997178261,1.090337674672846,-0.12079822205612716
495,4.954954954954955,8.315305999271088,11.628867047883103,1.0891292136679653,-0.1206523302840663
496,4.964964964964965,8.326202151656839,11.640727789920572,1.0879222112964995,-0.1205067904979577
497,4.974974974974975,8.337086229174732,11.652562258695195,1.0867166640529697,-0.12036160143429199
498,4.984984984984985,8.347958246370998,11.664370514928413,1.085512568434327,-0.12021676182781978
499,4.994994994994995,8.358818217757122,11.676152619162309,1.0843099209499898,-0.12007227041924444
500,5.005005005005005,8.369666157809997,11.687908631760525,1.0831087181217685,-0.11992812595517349
501,5.015015015015015,8.380502080972066,11.699638612909158,1.0819089564837874,-0.11978432718807
502,5.025025025025025,8.391326001651485,11.71134262261766,1.0807106325824085,-0.11964087287620401
503,5.035035035035035,8.40213793422227,11.723020720719754,1.0795137429761554,-0.11949776178360402
504,5.045045045045045,8.412937893024448,11.734672966874315,1.078318284235635,-0.11935499268000839
505,5.055055055055055,8.423725892364205,11.746299420566297,1.077124252943462,-0.11921256434081673
506,5.065065065065065,8.434501946514047,11.757900141107612,1.0759316456941814,-0.11907047554704138
507,5.075075075075075,8.445266069712941,11.769475187638054,1.0747404590941927,-0.11892872508525884
508,5.085085085085085,8.456018276166478,11.781024619126185,1.0735506897616716,-0.11878731174756117
509,5.095095095095095,8.466758580047015,11.792548494370248,1.0723623343264947,-0.11864623433150744
510,5.105105105105105,8.477486995493829,11.804046871999065,1.0711753894301619,-0.11850549164007511
511,5.115115115115115,8.48820353661327,11.815519810472939,1.0699898517257196,-0.11836508248161157
512,5.125125125125125,8.498908217478915,11.82696736808456,1.068805717877685,-0.11822500566978547
513,5.135135135135135,8.509601052131714,11.838389602959907,1.0676229845619676,-0.11808526002353815
514,5.145145145145145,8.520282054580148,11.849786573059147,1.0664416484657937,-0.11794584436703517
515,5.155155155155155,8.530951238800375,11.86115833617754,1.0652617062876295,-0.11780675752961761
516,5.165165165165165,8.541608618736381,11.872504949946347,1.064083154737104,-0.11766799834575357
517,5.175175175175175,8.55225420830014,11.883826471833718,1.0629059905349316,-0.11752956565498963
518,5.185185185185185,8.562888021371757,11.895122959145612,1.0617302104128374,-0.11739145830190219
519,5.195195195195195,8.573510071799623,11.906394469026688,1.060555811113478,-0.11725367513604897
520,5.205205205205205,8.584120373400566,11.917641058461212,1.0593827893903665,-0.11711621501192042
521,5.215215215215215,8.594718939960003,11.928862784273962,1.0582111420077944,-0.11697907678889113
522,5.225225225225225,8.605305785232094,11.940059703131121,1.0570408657407562,-0.11684225933117132
523,5.235235235235235,8.615880922939887,11.951231871541191,1.0558719573748714,-0.11670576150775817
524,5.245245245245245,8.626444366775477,11.962379345855892,1.0547044137063084,-0.11656958219238736
525,5.255255255255255,8.636996130400153,11.973502182271057,1.0535382315417077,-0.11643372026348439
526,5.265265265265265,8.64753622744455,11.984600436827547,1.0523734076981048,-0.11629817460411612
527,5.275275275275275,8.658064671508805,11.995674165412147,1.0512099390028538,-0.11616294410194211
528,5.285285285285285,8.668581476162704,12.006723423758466,1.0500478222935503,-0.1160280276491661
529,5.295295295295295,8.679086654858803,12.01774826687697,1.0488870544731175,-0.11589342418392383
530,5.305305305305305,8.689580220956422,12.028748749212221,1.0477276324946214,-0.11575913267888686
531,5.315315315315315,8.70006218790846,12.039724925868272,1.046569553242876,-0.11562515205233516
532,5.325325325325325,8.710532569138426,12.05067685180197,1.0454128136124023,-0.11549148122672771
533,5.335335335335335,8.720991378039038,12.06160458181358,1.0442574105083446,-0.1153581191294
534,5.345345345345345,8.731438627972341,12.072508170547533,1.0431033408464083,-0.11522506469252616
535,5.355355355355355,8.741874332269834,12.083387672493187,1.0419506015527975,-0.11509231685308112
536,5.365365365365365,8.752298504232611,12.094243141985585,1.0407991895641522,-0.11495987455280278
537,5.375375375375375,8.762711157131475,12.1050746332062,1.039649101827486,-0.11482773673815422
538,5.385385385385385,8.773112304207078,12.115882200183696,1.0385003353001239,-0.1146959023602858
539,5.395395395395395,8.783501958670051,12.126665896794686,1.0373528869496391,-0.11456437037499742
540,5.405405405405405,8.793880133701121,12.137425776764472,1.0362067537537916,-0.11443313974270057
541,5.415415415415415,8.804246842451255,12.148161893667819,1.0350619327004642,-0.1143022094283806
542,5.425425425425425,8.814602098041775,12.158874300929698,1.033918420787602,-0.11417157840155884
543,5.435435435435435,8.8249459135645,12.16956305182604,1.0327762150231483,-0.11404124563625477
544,5.445445445445445,8.835278302081868,12.1802281994845,1.0316353124249826,-0.11391121011094822
545,5.455455455455455,8.845599276627064,12.190869796885199,1.0304957100208583,-0.11378147080854148
546,5.465465465465465,8.855908850204152,12.201487896861488,1.0293574048483405,-0.11365202671632152
547,5.475475475475475,8.866207035788204,12.212082552100702,1.0282203939547425,-0.11352287682592213
548,5.485485485485485,8.876493846325427,12.222653815144907,1.0270846743970645,-0.11339402013328613
549,5.495495495495495,8.886769294733297,12.233201738391669,1.0259502432419305,-0.11326545563862747
550,5.505505505505505,8.897033393900681,12.24372637409479,1.024817097565526,-0.11313718234639344
551,5.515515515515515,8.90728615668797,12.254227774365079,1.0236852344535352,-0.11300919926522685
552,5.525525525525525,8.917527595927208,12.2647059911711,1.0225546510010792,-0.11288150540792816
553,5.535535535535535,8.927757724422223,12.275161076339923,1.0214253443126526,-0.11275409979141768
554,5.545545545545545,8.93797655494875,12.285593081557886,1.0202973115020622,-0.11262698143669773
555,5.555555555555555,8.948184100254567,12.296002058371348,1.019170549692363,-0.11250014936881482
556,5.565565565565565,8.958380373059619,12.306388058187437,1.0180450560157979,-0.11237360261682175
557,5.575575575575575,8.968565386056149,12.316751132274813,1.0169208276137323,-0.11224734021373987
558,5.585585585585585,8.978739151908828,12.32709133176442,1.0157978616365946,-0.11212136119652123
559,5.595595595595595,8.988901683254884,12.337408707650235,1.0146761552438117,-0.11199566460601068
560,5.605605605605605,8.999052992704227,12.347703310790036,1.0135557056037476,-0.11187024948690812
561,5.615615615615615,9.009193092839585,12.357975191906142,1.0124365098936399,-0.11174511488773059
562,5.625625625625625,9.019321996215472,12.368224401578868,1.011318565300221,-0.11162025986126321
563,5.635635635635635,9.029439715202935,12.3784509892634,1.0102018691115404,-0.11149568353030256
564,5.645645645645645,9.039546262176971,12.38865500447643,1.009086418606151,-0.11137138500833159
565,5.655655655655655,9.049641649589672,12.398836497259222,1.007972211009872,-0.11124736336857242
566,5.665665665665665,9.059725889865742,12.408995517516022,1.0068592435575836,-0.11112361768823194
567,5.675675675675675,9.069798995402623,12.419132115014742,1.0057475134931697,-0.11100014704846906
568,5.685685685685685,9.079860978570608,12.429246339387632,1.0046370180694648,-0.11087695053436228
569,5.6956956956956954,9.089911851712953,12.439338240131953,1.003527754548198,-0.11075402723487704
570,5.7057057057057055,9.099951627146002,12.449407866610661,1.0024197201999376,-0.1106313762428332
571,5.7157157157157155,9.109980317159296,12.459455268053075,1.0013129123040367,-0.11050899665487242
572,5.7257257257257255,9.119997934015695,12.469480493555558,1.0002073281485773,-0.11038688757142558
573,5.7357357357357355,9.130004489951492,12.479483592082193,0.9991029650303156,-0.11026504809668028
574,5.7457457457457455,9.13999999717653,12.489464612465456,0.9979998202546271,-0.11014347733854817
575,5.7557557557557555,9.149984467874317,12.499423603406893,0.9968978911354509,-0.11002217440863245
576,5.7657657657657655,9.15995791420215,12.509360613477796,0.9957971749952351,-0.10990113842219526
577,5.7757757757757755,9.169920348291223,12.519275691119885,0.9946976691648813,-0.10978036849812514
578,5.7857857857857855,9.179871782246744,12.529168884645973,0.9935993709836896,-0.1096598637589044
579,5.7957957957957955,9.189812228148059,12.539040242240649,0.9925022777993032,-0.10953962333057658
580,5.8058058058058055,9.199741698048761,12.548889811960954,0.9914063869676542,-0.10941964634271391
581,5.8158158158158155,9.209660203976815,12.558717641737056,0.9903116958529071,-0.10929993192838469
582,5.8258258258258255,9.21956775793466,12.568523779372926,0.989218201827405,-0.1091804792241207
583,5.8358358358358355,9.229464371899347,12.578308272547014,0.9881259022716133,-0.1090612873698847
584,5.8458458458458455,9.239350057822632,12.588071168812922,0.9870347945740657,-0.10894235550903779
585,5.8558558558558556,9.249224827631112,12.597812515600085,0.9859448761313079,-0.10882368278830684
586,5.865865865865866,9.259088693226332,12.607532360214448,0.9848561443478435,-0.10870526835775199
587,5.875875875875876,9.268941666484903,12.617230749839134,0.9837685966360783,-0.10858711137073397
588,5.885885885885886,9.278783759258621,12.626907731535129,0.9826822304162652,-0.10846921098388161
589,5.895895895895896,9.28861498337458,12.63656335224195,0.9815970431164495,-0.10835156635705921
590,5.905905905905906,9.298435350635291,12.64619765877833,0.980513032172413,-0.10823417665333403
591,5.915915915915916,9.3082448728188,12.655810697842886,0.9794301950276197,-0.10811704103894364
592,5.925925925925926,9.318043561678799,12.665402516014801,0.9783485291331603,-0.10800015868326342
593,5.935935935935936,9.327831428944751,12.674973159754492,0.9772680319476966,-0.1078835287587739
594,5.945945945945946,9.337608486322003,12.684522675404295,0.9761887009374074,-0.1077671504410283
595,5.955955955955956,9.347374745491893,12.69405110918914,0.9751105335759325,-0.10765102290861987
596,5.965965965965966,9.357130218111886,12.703558507217217,0.9740335273443179,-0.10753514534314934
597,5.975975975975976,9.366874915815673,12.713044915480666,0.9729576797309608,-0.10741951692919233
598,5.985985985985986,9.3766088502133,12.722510379856244,0.9718829882315542,-0.10730413685426683
599,5.995995995995996,9.386332032891275,12.731954946106004,0.9708094503490318,-0.10718900430880057
600,6.006006006006006,9.396044475412694,12.741378659877968,0.9697370635935132,-0.10707411848609846
601,6.016016016016016,9.405746189317345,12.750781566706808,0.9686658254822483,-0.10695947858231007
602,6.026026026026026,9.41543718612184,12.76016371201452,0.9675957335395626,-0.10684508379639694
603,6.036036036036036,9.425117477319722,12.769525141111098,0.9665267852968018,-0.10673093333010016
604,6.046046046046046,9.43478707438158,12.778865899195212,0.9654589782922767,-0.10661702638790763
605,6.056056056056056,9.444445988755174,12.788186031354883,0.9643923100712081,-0.10650336217702162
606,6.066066066066066,9.454094231847407,12.797485582456773,0.9633267781960931,-0.10638993991444842
607,6.076076076076076,9.463731814708371,12.80676459520581,0.9622623804282501,-0.10627675895107518
608,6.086086086086086,9.47335874855048,12.816023113333188,0.9611991144295644,-0.10616381856784185
609,6.096096096096096,9.482975044688011,12.825261181225128,0.9601369777972293,-0.10605111799948815
610,6.106106106106106,9.492580714411428,12.834478843150954,0.9590759681359728,-0.10593865648392087
611,6.116116116116116,9.50217576898747,12.843676143263629,0.9580160830580167,-0.10582643326219035
612,6.126126126126126,9.511760219659243,12.852853125600285,0.9569573201830337,-0.10571444757846706
613,6.136136136136136,9.521334077646314,12.862009834082764,0.9558996771381063,-0.10560269868001793
614,6.146146146146146,9.53089735414481,12.87114631251815,0.9548431515576847,-0.10549118581718292
615,6.156156156156156,9.540450060327506,12.880262604599297,0.9537877410835449,-0.10537990824335151
616,6.166166166166166,9.549992207343921,12.889358753905375,0.9527334433647466,-0.10526886521493915
617,6.176176176176176,9.559523806320406,12.898434803902395,0.9516802560575918,-0.1051580559913637
618,6.186186186186186,9.56904486836025,12.90749079794375,0.9506281768255823,-0.105047479835022
619,6.196196196196196,9.57855540454376,12.916526779270741,0.9495772033393783,-0.10493713601126627
620,6.206206206206206,9.588055425928363,12.925542791013122,0.9485273332767566,-0.10482702378838063
621,6.216216216216216,9.597544943548698,12.934538876189627,0.9474785643225682,-0.10471714243755757
622,6.226226226226226,9.607023968416707,12.943515077708508,0.9464308941686965,-0.10460749123287445
623,6.236236236236236,9.61649251152173,12.952471438368066,0.9453843205140163,-0.10449806945126991
624,6.246246246246246,9.625950583830601,12.96140800085719,0.9443388410643506,-0.10438887637252045
625,6.256256256256257,9.63539819628774,12.970324807755887,0.9432944535324295,-0.10427991127921683
626,6.266266266266267,9.644835359815243,12.97922190153582,0.9422511556378484,-0.1041711734567406
627,6.276276276276277,9.654262085312979,12.988099324560837,0.9412089451070259,-0.10406266219324051
628,6.286286286286287,9.663678383658686,12.996957119087517,0.9401678196731615,-0.10395437677960909
629,6.296296296296297,9.673084265708061,13.00579532726569,0.9391277770761945,-0.10384631650945905
630,6.306306306306307,9.682479742294854,13.01461399113898,0.9380888150627615,-0.1037384806790998
631,6.316316316316317,9.691864824230962,13.02341315264534,0.937050931386155,-0.10363086858751389
632,6.326326326326327,9.701239522306523,13.03219285361758,0.9360141238062812,-0.10352347953633353
633,6.336336336336337,9.710603847290008,13.040953135783912,0.9349783900896179,-0.10341631282981707
634,6.346346346346347,9.719957809928315,13.049694040768472,0.9339437280091735,-0.10330936777482545
635,6.356356356356357,9.729301420946872,13.058415610091863,0.9329101353444439,-0.10320264368079868
636,6.366366366366367,9.73863469104971,13.067117885171687,0.9318776098813716,-0.10309613985973234
637,6.376376376376377,9.747957630919574,13.075800907323078,0.9308461494123035,-0.10298985562615408
638,6.386386386386387,9.757270251218014,13.08446471775924,0.9298157517359487,-0.10288379029710003
639,6.396396396396397,9.76657256258547,13.093109357591976,0.9287864146573372,-0.10277794319209134
640,6.406406406406407,9.775864575641377,13.10173486783223,0.9277581359877778,-0.10267231363311066
641,6.416416416416417,9.785146300984248,13.110341289390615,0.9267309135448155,-0.10256690094457857
642,6.426426426426427,9.794417749191778,13.118928663077948,0.925704745152191,-0.1024617044533301
643,6.436436436436437,9.803678930820926,13.127497029605792,0.9246796286397976,-0.1023567234885912
644,6.446446446446447,9.81292985640802,13.136046429586974,0.92365556184364,-0.10225195738195525
645,6.456456456456457,9.822170536468843,13.14457690353614,0.9226325426057921,-0.10214740546735944
646,6.466466466466467,9.831400981498728,13.153088491870278,0.9216105687743552,-0.10204306708106138
647,6.476476476476477,9.840621201972656,13.161581234909246,0.9205896382034164,-0.1019389415616155
648,6.486486486486487,9.849831208345341,13.170055172876324,0.9195697487530061,-0.10183502824984952
649,6.496496496496497,9.859031011051334,13.178510345898733,0.9185508982890566,-0.10173132648884099
650,6.506506506506507,9.868220620471522,13.186946793797205,0.917533084701657,-0.1016278356361859
651,6.516516516516517,9.877400046743785,13.195364554896544,0.9165163060082115,-0.10152455513330733
652,6.526526526526527,9.886569300166077,13.203763668557528,0.9155005601338645,-0.10142148435794483
653,6.536536536536537,9.895728391063905,13.212144174344438,0.9144858449837004,-0.10131862267266495
654,6.546546546546547,9.904877329742018,13.220506111721528,0.9134721584690721,-0.10121596944255318
655,6.556556556556557,9.914016126484485,13.228849520053478,0.9124594985075672,-0.10111352403519618
656,6.566566566566567,9.92314479155478,13.237174438605816,0.9114478630229743,-0.1010112858206639
657,6.576576576576577,9.932263335195847,13.245480906545364,0.9104372499452499,-0.10090925417149177
658,6.586586586586587,9.941371767630189,13.253768962940674,0.9094276572104847,-0.10080742846266277
659,6.596596596596597,9.95047009905994,13.262038646762463,0.9084190827608705,-0.10070580807158967
660,6.606606606606607,9.959558339666948,13.270289996884047,0.9074115245446666,-0.10060439237809712
661,6.616616616616617,9.968636499612849,13.278523052081788,0.9064049805161661,-0.10050318076440386
662,6.626626626626627,9.977704589039144,13.286737851035518,0.905399448635663,-0.10040217261510481
663,6.636636636636637,9.986762618067285,13.294934432328994,0.9043949268694182,-0.10030136731715328
664,6.646646646646647,9.995810596798744,13.303112834450308,0.9033914131896267,-0.10020076425984306
665,6.656656656656657,10.004848535315096,13.311273095792357,0.9023889055743831,-0.10010036283479064
666,6.666666666666667,10.013876443678093,13.319415254653252,0.9013874020076496,-0.10000016243591733
667,6.676676676676677,10.022894331929752,13.327539349236773,0.9003869004792213,-0.0999001624594314
668,6.686686686686687,10.031902210092419,13.33564541765279,0.8993873989846934,-0.09980036230381023
669,6.696696696696697,10.040900088168856,13.343733497917722,0.8983888955254278,-0.09970076136978252
670,6.706706706706707,10.049887976142319,13.351803627954954,0.8973913881085192,-0.09960135906031038
671,6.716716716716717,10.058865883976633,13.35985584559528,0.8963948747467622,-0.09950215478057148
672,6.726726726726727,10.067833821616274,13.36789018857735,0.8953993534586174,-0.09940314793794125
673,6.736736736736737,10.07679179898644,13.37590669454809,0.8944048222681785,-0.09930433794197502
674,6.746746746746747,10.085739825993135,13.383905401063153,0.8934112792051382,-0.09920572420439011
675,6.756756756756757,10.094677912523249,13.39188634558735,0.8924187223047552,-0.0991073061390481
676,6.766766766766767,10.10360606844463,13.399849565495087,0.8914271496078207,-0.09900908316193685
677,6.776776776776777,10.112524303606166,13.407795098070805,0.8904365591606249,-0.09891105469115276
678,6.786786786786787,10.12143262783786,13.415722980509413,0.8894469490149236,-0.09881322014688287
679,6.796796796796797,10.130331050950911,13.42363324991673,0.8884583172279048,-0.09871557895138702
680,6.806806806806807,10.139219582737793,13.431525943309918,0.8874706618621551,-0.09861813052898
681,6.816816816816817,10.148098232972329,13.43940109761792,0.8864839809856263,-0.0985208743060137
682,6.826826826826827,10.156967011409773,13.447258749681895,0.8854982726716022,-0.09842380971085929
683,6.836836836836837,10.165825927786884,13.455098936255666,0.884513534998665,-0.09832693617388934
684,6.846846846846847,10.174674991822009,13.462921694006141,0.8835297660506618,-0.09823025312745999
685,6.856856856856857,10.183514213215158,13.470727059513761,0.882546963916671,-0.09813376000589309
686,6.866866866866867,10.192343601648084,13.478515069272932,0.8815651266909694,-0.09803745624545837
687,6.876876876876877,10.201163166784355,13.486285759692466,0.8805842524729983,-0.09794134128435555
688,6.886886886886887,10.20997291826944,13.494039167096016,0.8796043393673302,-0.09784541456269659
689,6.896896896896897,10.218772865730788,13.50177532772251,0.8786253854836353,-0.09774967552248769
690,6.906906906906907,10.227563018777895,13.509494277726596,0.8776473889366482,-0.09765412360761158
691,6.916916916916917,10.236343387002393,13.517196053179072,0.8766703478461344,-0.09755875826380965
692,6.926926926926927,10.245113979978122,13.524880690067324,0.8756942603368569,-0.097463578938664
693,6.936936936936937,10.253874807261216,13.532548224295766,0.8747191245385424,-0.09736858508157972
694,6.946946946946947,10.2626258783356,13.540198691350696,0.8737449386151711,-0.09727377616212228
695,6.956956956956957,10.271367202510135,13.547832125667554,0.8727717008202693,-0.0971791517046328
696,6.966966966966967,10.280098789246312,13.55544856264636,0.8717994093208076,-0.09708471117799528
697,6.976976976976977,10.288820648005732,13.563048037713532,0.8708280622791823,-0.0969904540469584
698,6.986986986986987,10.29753278823179,13.570630586209296,0.8698576578630594,-0.09689637977830025
699,6.996996996996997,10.30623521934975,13.57819624338804,0.868888194245347,-0.09680248784081481
700,7.007007007007007,10.314927950766803,13.585745044418676,0.86791966960417,-0.09670877770529844
701,7.017017017017017,10.323610991872137,13.593277024384994,0.8669520821228425,-0.09661524884453632
702,7.027027027027027,10.332284352037,13.60079221828602,0.8659854299898417,-0.09652190073328897
703,7.037037037037037,10.340948040614768,13.608290661036378,0.8650197113987816,-0.09642873284827869
704,7.047047047047047,10.349602066941005,13.615772387466645,0.8640549245483862,-0.09633574466817607
705,7.057057057057057,10.35824644033353,13.623237432323709,0.8630910676424627,-0.09624293567358647
706,7.067067067067067,10.366881170092492,13.630685830271126,0.8621281388898757,-0.09615030534703647
707,7.077077077077077,10.375506265500416,13.638117615889485,0.8611661365045201,-0.09605785317296037
708,7.087087087087087,10.384121735822287,13.645532823676753,0.8602050587052947,-0.09596557863768664
709,7.097097097097097,10.392727590305602,13.652931488048646,0.8592449037160756,-0.09587348122942445
710,7.107107107107107,10.401323838180446,13.660313643338979,0.8582856697656901,-0.0957815604382501
711,7.117117117117117,10.409910488659545,13.667679323800028,0.8573273550878896,-0.09568981575609352
712,7.127127127127127,10.418487550938345,13.675028563602886,0.8563699579213232,-0.09559824667672474
713,7.137137137137137,10.427055034195062,13.682361396837821,0.8554134765095115,-0.09550685269574037
714,7.147147147147147,10.435612947590766,13.689677857514635,0.85445790910082,-0.09541563331055009
715,7.157157157157157,10.444161300269425,13.696977979563021,0.8535032539484321,-0.0953245880203631
716,7.167167167167167,10.452700101357985,13.704261796832922,0.852549509310323,-0.09523371632617464
717,7.177177177177177,10.461229359966437,13.71152934309489,0.8515966734492333,-0.09514301773075243
718,7.187187187187187,10.469749085187868,13.718780652040438,0.850644744632642,-0.09505249173862315
719,7.197197197197197,10.478259286098536,13.726015757282406,0.8496937211327402,-0.09496213785605895
720,7.207207207207207,10.486759971757937,13.733234692355317,0.8487436012264049,-0.09487195559106391
721,7.217217217217217,10.495251151208867,13.74043749071573,0.847794383195172,-0.09478194445336051
722,7.227227227227227,10.503732833477484,13.747624185742602,0.8468460653252096,-0.09469210395437609
723,7.237237237237237,10.512205027573378,13.754794810737648,0.8458986459072922,-0.0946024336072294
724,7.247247247247247,10.520667742489636,13.761949398925694,0.844952123236774,-0.094512932926717
725,7.257257257257257,10.529120987202903,13.769087983455037,0.8440064956135616,-0.09442360142929979
726,7.267267267267267,10.537564770673455,13.776210597397807,0.8430617613420881,-0.0943344386330894
727,7.277277277277277,10.545999101845256,13.783317273750317,0.842117918731287,-0.09424544405783486
728,7.287287287287287,10.554423989646025,13.79040804543343,0.8411749660945647,-0.09415661722490884
729,7.297297297297297,10.562839442987308,13.79748294529291,0.8402329017497745,-0.09406795765729428
730,7.307307307307307,10.57124547076453,13.80454200609978,0.83929172401919,-0.09397946487957086
731,7.317317317317317,10.57964208185708,13.811585260550688,0.8383514312294791,-0.09389113841790139
732,7.327327327327327,10.588029285128357,13.818612741268256,0.8374120217116761,-0.09380297780001841
733,7.337337337337337,10.59640708942584,13.825624480801439,0.8364734938011565,-0.09371498255521053
734,7.347347347347347,10.604775503581163,13.832620511625894,0.8355358458376102,-0.09362715221430906
735,7.357357357357357,10.613134536410168,13.83960086614432,0.8345990761650143,-0.09353948630967435
736,7.367367367367367,10.621484196712982,13.846565576686828,0.8336631831316073,-0.09345198437518236
737,7.377377377377377,10.629824493274068,13.853514675511303,0.8327281650898622,-0.0933646459462111
738,7.387387387387387,10.63815543478463,13.86044819435875,0.8317940204338293,-0.09327747058173581
739,7.397397397397397,10.64647702983138,13.867366164388875,0.8308607476045499,-0.09319045786753428
740,7.407407407407407,10.654789287127524,13.87426861750364,0.8299283449789132,-0.09310360735043323
741,7.4174174174174174,10.663092215374396,13.881155585554307,0.828996810936249,-0.09301691857770851
742,7.4274274274274275,10.671385823257234,13.888027100317355,0.8280661438603536,-0.09293039109828613
743,7.4374374374374375,10.679670119445245,13.894883193494778,0.8271363421394683,-0.09284402446273181
744,7.4474474474474475,10.687945112591654,13.90172389671437,0.8262074041662588,-0.09275781822324061
745,7.4574574574574575,10.696210811333769,13.90854924153003,0.8252793283377935,-0.09267177193362662
746,7.4674674674674675,10.704467224293015,13.91535925942205,0.8243521130555225,-0.09258588514931247
747,7.4774774774774775,10.71271436007501,13.922153981797415,0.8234257567252561,-0.09250015742731908
748,7.4874874874874875,10.720952227269605,13.928933439990091,0.8225002577571443,-0.09241458832625518
749,7.4974974974974975,10.729180834450943,13.935697665261326,0.8215756145656548,-0.092329177406307
750,7.5075075075075075,10.737400190177514,13.94244668879994,0.8206518255695521,-0.09224392422922789
751,7.5175175175175175,10.745610302992205,13.949180541722626,0.8197288891918764,-0.0921588283583279
752,7.5275275275275275,10.753811181422359,13.955899255074232,0.8188068038599223,-0.09207388935846342
753,7.5375375375375375,10.762002833979828,13.962602859828074,0.8178855680052176,-0.09198910679602687
754,7.5475475475475475,10.770185269161024,13.969291386886214,0.8169651800635019,-0.09190448023893624
755,7.5575575575575575,10.77835849544698,13.975964867079764,0.8160456384747059,-0.09182000925662476
756,7.5675675675675675,10.786522521303393,13.982623331169176,0.8151269416829294,-0.09173569342003048
757,7.5775775775775776,10.794677355180692,13.98926680984454,0.8142090881364209,-0.09165153230158594
758,7.587587587587588,10.80282300551408,13.995895333725878,0.813292076287556,-0.09156752547520781
759,7.597597597597598,10.810959480723595,14.002508933363437,0.812375904592816,-0.09148367251628647
760,7.607607607607608,10.819086789214163,14.009107639237987,0.811460571512767,-0.09139997300167563
761,7.617617617617618,10.827204939375653,14.015691481761108,0.8105460755120388,-0.091316426509682
762,7.627627627627628,10.835313939582925,14.022260491275494,0.8096324150593034,-0.09123303262005485
763,7.637637637637638,10.843413798195893,14.028814698055246,0.8087195886272536,-0.09114979091397572
764,7.647647647647648,10.851504523559575,14.035354132306159,0.8078075946925826,-0.091066700974048
765,7.657657657657658,10.859586124004146,14.041878824166025,0.8068964317359617,-0.09098376238428649
766,7.667667667667668,10.867658607844994,14.048388803704922,0.80598609824202,-0.09090097473010715
767,7.677677677677678,10.875721983382773,14.054884100925516,0.8050765926993229,-0.09081833759831665
768,7.687687687687688,10.883776258903461,14.061364745763349,0.8041679136003506,-0.09073585057710198
769,7.697697697697698,10.891821442678408,14.067830768087134,0.8032600594414772,-0.09065351325602013
770,7.707707707707708,10.899857542964392,14.074282197699052,0.8023530287229494,-0.09057132522598767
771,7.717717717717718,10.907884568003679,14.080719064335046,0.8014468199488656,-0.0904892860792704
772,7.727727727727728,10.915902526024068,14.087141397665118,0.8005414316271539,-0.09040739540947294
773,7.737737737737738,10.923911425238954,14.093549227293616,0.7996368622695517,-0.09032565281152843
774,7.747747747747748,10.931911273847373,14.099942582759542,0.798733110391584,-0.09024405788168807
775,7.757757757757758,10.939902080034065,14.106321493536832,0.7978301745125426,-0.09016261021751076
776,7.767767767767768,10.947883851969523,14.11268598903466,0.7969280531554644,-0.09008130941785278
777,7.777777777777778,10.955856597810051,14.119036098597729,0.7960267448471107,-0.09000015508285736
778,7.787787787787788,10.96382032569781,14.125371851506566,0.7951262481179455,-0.08991914681394432
779,7.797797797797798,10.971775043760882,14.131693276977822,0.7942265615021147,-0.08983828421379972
780,7.807807807807808,10.979720760113322,14.138000404164554,0.7933276835374247,-0.08975756688636542
781,7.817817817817818,10.987657482855203,14.144293262156536,0.7924296127653209,-0.0896769944368288
782,7.827827827827828,10.99558521998766,14.150571879466442,0.7915323477725408,-0.08959656649581701
783,7.837837837837838,11.003503979483764,14.156836284458423,0.7906358871563758,-0.08951628269922271
784,7.847847847847848,11.011413769386959,14.163086505943252,0.78974022947643,-0.08943614266018672
785,7.857857857857858,11.019314597726401,14.169322572666369,0.7888453732961228,-0.08935614599320536
786,7.867867867867868,11.027206472516987,14.175544513308045,0.7879513171826789,-0.0892762923141265
787,7.877877877877878,11.035089401759402,14.18175235648362,0.787058059707111,-0.08919658124014156
788,7.887887887887888,11.042963393440163,14.187946130743754,0.7861655994442027,-0.08911701238977739
789,7.897897897897898,11.050828455531663,14.194125864574664,0.7852739349724911,-0.08903758538288822
790,7.907907907907908,11.058684595992228,14.200291586398384,0.7843830648742496,-0.08895829984064758
791,7.917917917917918,11.06653182276615,14.206443324573,0.7834929877354706,-0.08887915538554023
792,7.927927927927928,11.074370143783737,14.212581107392896,0.7826037021458485,-0.08880015164135403
793,7.937937937937938,11.082199566961368,14.21870496308901,0.781715206698762,-0.08872128823317196
794,7.947947947947948,11.090020100201524,14.224814919829063,0.7808274999912573,-0.08864256478736397
795,7.957957957957958,11.09783175139285,14.23091100571782,0.7799405806240305,-0.08856398093157891
796,7.967967967967968,11.105634528410182,14.236993248797333,0.7790544472014105,-0.0884855362947365
797,7.977977977977978,11.113428439114616,14.243061677047177,0.7781690983313418,-0.08840723050701921
798,7.987987987987988,11.121213491353535,14.249116318384708,0.7772845326253673,-0.08832906319986417
799,7.997997997997998,11.128989692960664,14.2551572006653,0.7764007486986108,-0.08825103400595516
800,8.008008008008009,11.136757051756115,14.261184351682601,0.7755177451697597,-0.08817314255921449
801,8.018018018018019,11.144515575546432,14.267197799168764,0.7746355206610485,-0.08809538849479491
802,8.028028028028029,11.15226527212464,14.273197570794707,0.7737540737982405,-0.08801777144907158
803,8.038038038038039,11.16000614927028,14.27918369417035,0.7728734032106112,-0.08794029105963394
804,8.048048048048049,11.167738214749479,14.285156196844865,0.7719935075309308,-0.08786294696527767
805,8.058058058058059,11.175461476314966,14.291115106306922,0.7711143853954472,-0.08778573880599663
806,8.068068068068069,11.183175941706143,14.297060449984931,0.7702360354438684,-0.08770866622297471
807,8.078078078078079,11.190881618649117,14.302992255247291,0.7693584563193457,-0.08763172885857785
808,8.088088088088089,11.198578514856749,14.308910549402638,0.7684816466684561,-0.0875549263563459
809,8.098098098098099,11.206266638028703,14.314815359700082,0.7676056051411847,-0.08747825836098455
810,8.108108108108109,11.213945995851493,14.320706713329466,0.7667303303909085,-0.08740172451835727
811,8.118118118118119,11.221616595998523,14.326584637421599,0.7658558210743782,-0.08732532447547725
812,8.128128128128129,11.229278446130138,14.33244915904851,0.7649820758517013,-0.08724905788049928
813,8.138138138138139,11.236931553893667,14.33830030522369,0.7641090933863249,-0.08717292438271168
814,8.148148148148149,11.244575926923474,14.34413810290234,0.7632368723450185,-0.0870969236325283
815,8.158158158158159,11.252211572841,14.349962578981616,0.7623654113978562,-0.08702105528148034
816,8.168168168168169,11.259838499254807,14.355773760300876,0.7614947092182004,-0.08694531898220832
817,8.178178178178179,11.267456713760632,14.36157167364192,0.7606247644826836,-0.08686971438845402
818,8.188188188188189,11.275066223941423,14.367356345729247,0.7597555758711919,-0.08679424115505237
819,8.198198198198199,11.282667037367396,14.37312780323029,0.7588871420668472,-0.08671889893792341
820,8.208208208208209,11.29025916159607,14.378886072755664,0.7580194617559901,-0.08664368739406418
821,8.218218218218219,11.297842604172324,14.384631180859422,0.7571525336281631,-0.08656860618154065
822,8.228228228228229,11.305417372628431,14.390363154039283,0.7562863563760928,-0.08649365495947968
823,8.238238238238239,11.312983474484119,14.396082018736896,0.7554209286956725,-0.0864188333880609
824,8.248248248248249,11.3205409172466,14.40178780133807,0.7545562492859456,-0.08634414112850865
825,8.258258258258259,11.328089708407827,14.40748052815672,0.75369231685037,-0.0862695778437934
826,8.268268268268269,11.335629855316236,14.413160224688744,0.7528291301554492,-0.08619514323108338
827,8.278278278278279,11.343161365358426,14.418826916668923,0.7519666879476841,-0.08612083697578188
828,8.288288288288289,11.350684245978236,14.424480630181849,0.7511049889448586,-0.08604665874670589
829,8.298298298298299,11.358198504606836,14.430121391255245,0.7502440318679976,-0.08597260821377503
830,8.308308308308309,11.365704148662772,14.435749225860194,0.7493838154413524,-0.08589868504800457
831,8.318318318318319,11.373201185552013,14.441364159911352,0.7485243383923842,-0.08582488892149856
832,8.328328328328329,11.380689622667983,14.446966219267173,0.7476655994517503,-0.08575121950744273
833,8.338338338338339,11.38816946739161,14.452555429730129,0.7468075973532878,-0.0856776764800977
834,8.348348348348349,11.395640727091363,14.458131817046928,0.7459503308339992,-0.08560425951479193
835,8.358358358358359,11.403103409123302,14.463695406908728,0.7450937986340365,-0.08553096828791477
836,8.368368368368369,11.410557520831103,14.469246224951375,0.7442379994966861,-0.08545780247690953
837,8.378378378378379,11.41800306954612,14.474784296755603,0.7433829321683543,-0.08538476176026652
838,8.388388388388389,11.42544006258741,14.480309647847264,0.742528595398551,-0.08531184581751614
839,8.398398398398399,11.432868507261787,14.485822303697548,0.7416749879398751,-0.08523905432922181
840,8.408408408408409,11.440288410863854,14.491322289723199,0.7408221085479995,-0.08516638697697318
841,8.418418418418419,11.447699780676048,14.496809631286741,0.7399699559816552,-0.08509384344337904
842,8.428428428428429,11.455102623968688,14.502284353696691,0.7391185290026165,-0.08502142341206043
843,8.438438438438439,11.462496948000005,14.507746482207784,0.7382678263756859,-0.08494912656764365
844,8.448448448448449,11.469882760016196,14.513196042021193,0.7374178468686784,-0.08487695259575341
845,8.458458458458459,11.477260067251452,14.518633058284742,0.7365685892524068,-0.0848049011830057
846,8.468468468468469,11.484628876928012,14.524057556093139,0.7357200523006662,-0.084732972017001
847,8.478478478478479,11.491989196256197,14.529469560488183,0.7348722347902187,-0.08466116478631727
848,8.488488488488489,11.499341032434462,14.53486909645899,0.7340251355007784,-0.08458947918050294
849,8.498498498498499,11.506684392649417,14.540256188942218,0.7331787532149961,-0.08451791489007007
850,8.508508508508509,11.514019284075893,14.545630862822271,0.7323330867184441,-0.08444647160648729
851,8.518518518518519,11.521345713876967,14.550993142931539,0.7314881347996008,-0.08437514902217291
852,8.528528528528529,11.52866368920401,14.556343054050602,0.7306438962498357,-0.08430394683048795
853,8.538538538538539,11.535973217196728,14.561680620908463,0.7298003698633941,-0.08423286472572919
854,8.548548548548549,11.543274304983205,14.567005868182756,0.7289575544373819,-0.08416190240312223
855,8.558558558558559,11.55056695967994,14.572318820499975,0.7281154487717503,-0.08409105955881446
856,8.568568568568569,11.557851188391894,14.577619502435684,0.7272740516692806,-0.08402033588986826
857,8.578578578578579,11.565126998212527,14.582907938514753,0.7264333619355691,-0.0839497310942539
858,8.588588588588589,11.572394396223844,14.58818415321156,0.7255933783790116,-0.08387924487084263
859,8.598598598598599,11.579653389496434,14.593448170950227,0.7247540998107888,-0.08380887691939978
860,8.608608608608609,11.586903985089513,14.598700016104825,0.72391552504485,-0.08373862694057775
861,8.618618618618619,11.594146190050965,14.603939712999608,0.7230776528978993,-0.08366849463590907
862,8.62862862862863,11.601380011417382,14.609167285909221,0.7222404821893788,-0.08359847970779948
863,8.63863863863864,11.608605456214109,14.614382759058929,0.7214040117414547,-0.0835285818595209
864,8.64864864864865,11.615822531455283,14.619586156624834,0.7205682403790015,-0.08345880079520458
865,8.65865865865866,11.623031244143876,14.624777502734089,0.7197331669295866,-0.08338913621983406
866,8.66866866866867,11.630231601271737,14.62995682146513,0.7188987902234556,-0.08331958783923825
867,8.67867867867868,11.637423609819633,14.635124136847889,0.7180651090935166,-0.08325015536008451
868,8.68868868868869,11.644607276757288,14.640279472864009,0.7172321223753252,-0.08318083848987161
869,8.6986986986987,11.651782609043432,14.645422853447073,0.7163998289070693,-0.08311163693692289
870,8.70870870870871,11.65894961362583,14.650554302482822,0.715568227529554,-0.08304255041037921
871,8.71871871871872,11.666108297441344,14.655673843809371,0.7147373170861858,-0.08297357862019207
872,8.72872872872873,11.67325866741595,14.660781501217434,0.713907096422958,-0.0829047212771166
873,8.73873873873874,11.680400730464799,14.665877298450535,0.7130775643884355,-0.08283597809270463
874,8.74874874874875,11.687534493492247,14.670961259205246,0.7122487198337389,-0.08276734877929773
875,8.75875875875876,11.694659963391908,14.676033407131385,0.7114205616125301,-0.08269883305002032
876,8.76876876876877,11.701777147046682,14.68109376583225,0.7105930885809963,-0.0826304306187726
877,8.77877877877878,11.708886051328808,14.686142358864835,0.7097662995978357,-0.08256214120022368
878,8.78878878878879,11.715986683099898,14.691179209740055,0.7089401935242413,-0.08249396450980462
879,8.7987987987988,11.723079049210984,14.696204341922956,0.7081147692238863,-0.08242590026370145
880,8.80880880880881,11.730163156502558,14.701217778832941,0.7072900255629088,-0.08235794817884824
881,8.81881881881882,11.73723901180461,14.706219543843991,0.7064659614098964,-0.08229010797292013
882,8.82882882882883,11.744306621922988,14.711209660207878,0.7056425756419505,-0.08222237936753789
883,8.83883883883884,11.75136599339394,14.716188149673336,0.7048198672537,-0.08215476214585515
884,8.84884884884885,11.758417132890713,14.721155034773405,0.703997835176725,-0.08208725605717061
885,8.85885885885886,11.765460047175953,14.726110338557596,0.7031764783007048,-0.0820198608281003
886,8.86886886886887,11.772494743001287,14.731054084027024,0.7023557955180137,-0.08195257618613637
887,8.87887887887888,11.77952122710736,14.735986294134577,0.7015357857237092,-0.08188540185964202
888,8.88888888888889,11.786539506223875,14.740906991785105,0.7007164478155208,-0.08181833757784654
889,8.8988988988989,11.793549587069617,14.745816199835573,0.6998977806938378,-0.08175138307084025
890,8.90890890890891,11.80055147635249,14.750713941095256,0.6990797832616985,-0.08168453806956949
891,8.91891891891892,11.807545180769555,14.755600238325897,0.6982624544247784,-0.08161780230583167
892,8.92892892892893,11.814530707007055,14.760475114241885,0.6974457930913782,-0.08155117551227012
893,8.93893893893894,11.821508061740456,14.765338591510432,0.6966297981724129,-0.08148465742236922
894,8.94894894894895,11.828477251634473,14.770190692751742,0.6958144685813998,-0.08141824777044933
895,8.95895895895896,11.835438283343112,14.775031440539184,0.6949998032344472,-0.08135194629166169
896,8.96896896896897,11.842391163509696,14.779860857399473,0.6941858010502426,-0.08128575272198355
897,8.97897897897898,11.8493358987669,14.784678965812835,0.6933724609500417,-0.08121966679821306
898,8.98898898898899,11.856272495736793,14.789485788213186,0.6925597818576559,-0.08115368825796432
899,8.998998998999,11.863200961030852,14.7942813469883,0.6917477626994415,-0.08108781683966225
900,9.00900900900901,11.870121301250018,14.799065664479986,0.690936402404288,-0.08102205228253773
901,9.01901901901902,11.877033522984716,14.803838762984268,0.6901256999036066,-0.08095639432662244
902,9.02902902902903,11.883937632814886,14.808600664751545,0.6893156541313182,-0.08089084271274397
903,9.03903903903904,11.890833637310031,14.813351391986775,0.6885062640238425,-0.08082539718252071
904,9.04904904904905,11.897721543029233,14.818090966849642,0.6876975285200859,-0.08076005747835689
905,9.05905905905906,11.9046013565212,14.822819411454736,0.6868894465614304,-0.08069482334343751
906,9.06906906906907,11.911473084324287,14.827536747871722,0.6860820170917213,-0.08062969452172343
907,9.07907907907908,11.918336732966544,14.832242998125515,0.6852752390572568,-0.08056467075794621
908,9.08908908908909,11.92519230896574,14.836938184196454,0.6844691114067756,-0.08049975179760323
909,9.0990990990991,11.932039818829393,14.84162232802047,0.6836636330914452,-0.08043493738695257
910,9.10910910910911,11.938879269054812,14.84629545148927,0.6828588030648512,-0.08037022727300806
911,9.11911911911912,11.94571066612913,14.850957576450503,0.682054620282985,-0.08030562120353428
912,9.12912912912913,11.952534016529329,14.855608724707935,0.6812510837042327,-0.08024111892704146
913,9.13913913913914,11.959349326722279,14.860248918021624,0.6804481922893628,-0.08017672019278052
914,9.14914914914915,11.966156603164777,14.86487817810809,0.679645945001516,-0.0801124247507381
915,9.15915915915916,11.972955852303567,14.869496526640491,0.678844340806192,-0.08004823235163143
916,9.16916916916917,11.979747080575386,14.874103985248803,0.6780433786712395,-0.07998414274690344
917,9.17917917917918,11.98653029440699,14.878700575519977,0.6772430575668436,-0.07992015568871763
918,9.18918918918919,11.99330550021519,14.883286318998131,0.6764433764655144,-0.07985627092995316
919,9.1991991991992,12.000072704406886,14.887861237184712,0.675644334342076,-0.07979248822419976
920,9.20920920920921,12.006831913379099,14.89242535153867,0.6748459301736544,-0.07972880732575276
921,9.21921921921922,12.013583133519003,14.896978683476638,0.6740481629396659,-0.07966522798960803
922,9.22922922922923,12.020326371203963,14.901521254373101,0.6732510316218062,-0.07960174997145698
923,9.23923923923924,12.027061632801564,14.906053085560568,0.6724545352040381,-0.07953837302768162
924,9.24924924924925,12.033788924669649,14.910574198329753,0.6716586726725803,-0.0794750969153494
925,9.25925925925926,12.040508253156345,14.915084613929738,0.6708634430158958,-0.07941192139220833
926,9.26926926926927,12.047219624600103,14.919584353568151,0.6700688452246806,-0.07934884621668191
927,9.27927927927928,12.053923045329732,14.924073438411348,0.6692748782918515,-0.07928587114786408
928,9.28928928928929,12.060618521664427,14.928551889584572,0.6684815412125353,-0.07922299594551425
929,9.2992992992993,12.067306059913802,14.933019728172136,0.6676888329840566,-0.07916022037005231
930,9.30930930930931,12.073985666377933,14.937476975217594,0.6668967526059267,-0.07909754418255353
931,9.31931931931932,12.080657347347382,14.941923651723913,0.6661052990798318,-0.07903496714474365
932,9.32932932932933,12.087321109103229,14.946359778653651,0.6653144714096219,-0.07897248901899376
933,9.33933933933934,12.093976957917118,14.950785376929124,0.664524268601298,-0.07891010956831537
934,9.34934934934935,12.100624900051276,14.955200467432588,0.6637346896630024,-0.07884782855635533
935,9.35935935935936,12.107264941758554,14.959605071006404,0.6629457336050057,-0.07878564574739087
936,9.36936936936937,12.11389708928246,14.963999208453215,0.6621573994396956,-0.07872356090632456
937,9.37937937937938,12.120521348857192,14.96838290053612,0.661369686181566,-0.07866157379867927
938,9.38938938938939,12.127137726707666,14.972756167978853,0.6605825928472041,-0.07859968419059321
939,9.3993993993994,12.133746229031956,14.977119031364433,0.6597961184626915,-0.07853789185266338
940,9.40940940940941,12.140346861842511,14.981471510219487,0.6590102621304549,-0.07847619659466369
941,9.41941941941942,12.146939631269658,14.985813624764543,0.6582250229014857,-0.07841459819918768
942,9.42942942942943,12.153524543484181,14.990145395467444,0.6574403998079428,-0.07835309643858097
943,9.43943943943944,12.16010160464726,14.994466842754735,0.6566563918842263,-0.07829169108588582
944,9.44944944944945,12.166670820910511,14.998777987011785,0.6558729981669688,-0.07823038191483735
945,9.45945945945946,12.173232198416008,15.003078848582938,0.6550902176950251,-0.07816916869985974
946,9.46946946946947,12.179785743296309,15.007369447771651,0.654308049509464,-0.07810805121606242
947,9.47947947947948,12.18633146167449,15.011649804840642,0.6535264926535587,-0.07804702923923625
948,9.48948948948949,12.192869359664165,15.015919940012022,0.6527455461727775,-0.07798610254584976
949,9.4994994994995,12.199399443369524,15.020179873467441,0.6519652091147747,-0.07792527091304532
950,9.50950950950951,12.205921718885348,15.024429625348233,0.6511854805293814,-0.07786453411863538
951,9.51951951951952,12.212436192297048,15.028669215755551,0.6504063594685963,-0.07780389194109855
952,9.52952952952953,12.218942869680689,15.032898664750515,0.6496278449865761,-0.07774334415957597
953,9.53953953953954,12.225441757103015,15.037117992354348,0.6488499361396272,-0.07768289055386737
954,9.54954954954955,12.231932860621482,15.04132721854852,0.6480726319861951,-0.07762253090442732
955,9.55955955955956,12.238416186284281,15.045526363274892,0.6472959315868568,-0.07756226499236146
956,9.56956956956957,12.244891740130369,15.04971544643585,0.6465198340043102,-0.07750209259942262
957,9.57957957957958,12.251359528189495,15.053894487894453,0.6457443383033656,-0.07744201350800708
958,9.58958958958959,12.25781955648223,15.05806350747458,0.6449694435509364,-0.07738202750115078
959,9.5995995995996,12.264271831019993,15.062222524961053,0.6441951488160298,-0.07732213436252545
960,9.60960960960961,12.270716357805082,15.0663715600998,0.6434214531697374,-0.07726233387643486
961,9.61961961961962,12.277153142830693,15.07051063259798,0.6426483556852265,-0.077202625827811
962,9.62962962962963,12.28358219208096,15.074639762124134,0.6418758554377301,-0.0771430100022103
963,9.63963963963964,12.290003511530976,15.078758968308323,0.6411039515045385,-0.07708348618580979
964,9.64964964964965,12.29641710714682,15.082868270742273,0.6403326429649897,-0.07702405416540335
965,9.65965965965966,12.302822984885587,15.086967688979508,0.63956192890046,-0.07696471372839786
966,9.66966966966967,12.309221150695416,15.0910572425355,0.6387918083943553,-0.0769054646628094
967,9.67967967967968,12.31561161051552,15.095136950887813,0.6380222805321013,-0.0768463067572595
968,9.68968968968969,12.321994370276206,15.09920683347623,0.6372533444011346,-0.07678723980097127
969,9.6996996996997,12.328369435898912,15.103266909702912,0.6364849990908935,-0.07672826358376567
970,9.70970970970971,12.334736813296232,15.107317198932526,0.6357172436928087,-0.07666937789605763
971,9.71971971971972,12.341096508371939,15.111357720492393,0.6349500773002941,-0.0766105825288523
972,9.72972972972973,12.347448527021019,15.115388493672631,0.6341834990087376,-0.07655187727374127
973,9.73973973973974,12.353792875129695,15.119409537726291,0.6334175079154919,-0.07649326192289867
974,9.74974974974975,12.360129558575458,15.123420871869506,0.6326521031198651,-0.07643473626907747
975,9.75975975975976,12.366458583227093,15.127422515281621,0.6318872837231119,-0.07637630010560567
976,9.76976976976977,12.372779954944708,15.13141448710535,0.6311230488284237,-0.0763179532263824
977,9.77977977977978,12.379093679579759,15.1353968064469,0.6303593975409204,-0.07625969542587425
978,9.78978978978979,12.385399762975078,15.13936949237613,0.6295963289676402,-0.07620152649911138
979,9.7997997997998,12.391698210964908,15.143332563926679,0.6288338422175306,-0.07614344624168373
980,9.80980980980981,12.397989029374923,15.147286040096116,0.6280719364014397,-0.07608545444973724
981,9.81981981981982,12.404272224022256,15.151229939846077,0.6273106106321065,-0.07602755091997006
982,9.82982982982983,12.41054780071553,15.155164282102406,0.6265498640241518,-0.0759697354496287
983,9.83983983983984,12.416815765254892,15.159089085755301,0.6257896956940691,-0.07591200783650429
984,9.84984984984985,12.423076123432022,15.163004369659452,0.6250301047602151,-0.0758543678789287
985,9.85985985985986,12.429328881030184,15.166910152634182,0.6242710903428008,-0.07579681537577082
986,9.86986986986987,12.435574043824232,15.170806453463594,0.6235126515638822,-0.07573935012643271
987,9.87987987987988,12.44181161758066,15.174693290896704,0.6227547875473509,-0.0756819719308458
988,9.88988988988989,12.448041608057608,15.178570683647589,0.6219974974189251,-0.07562468058946711
989,9.8998998998999,12.454264021004905,15.182438650395527,0.6212407803061402,-0.07556747590327544
990,9.90990990990991,12.460478862164093,15.186297209785138,0.6204846353383398,-0.07551035767376754
991,9.91991991991992,12.466686137268452,15.190146380426523,0.6197290616466662,-0.07545332570295435
992,9.92992992992993,12.47288585204303,15.193986180895413,0.6189740583640515,-0.0753963797933572
993,9.93993993993994,12.47907801220467,15.197816629733301,0.6182196246252084,-0.07533951974800393
994,9.94994994994995,12.48526262346204,15.201637745447593,0.6174657595666204,-0.07528274537042522
995,9.95995995995996,12.491439691515657,15.20544954651174,0.6167124623265332,-0.07522605646465065
996,9.96996996996997,12.497609222034102,15.209252051231154,0.615959732054839,-0.075169452839991
997,9.97997997997998,12.503771220536413,15.213045277080349,0.6152075679619318,-0.0751129343346726
998,9.98998998998999,12.509925692655596,15.216829242188135,0.6144559692092454,-0.07505650076288595
999,10.0,12.516072644045424,15.22060396481225,0.6137049349479755,-0.07500015193351821
